video_id,title,upload_date,duration_seconds,caption_language,caption_kind,status,segment_count,word_count,character_count,first_segment_ms,last_segment_end_ms,leading_gap_seconds,trailing_gap_seconds,source_bytes,source_sha256
_pv_dhja-4w,You're Never Going to Learn,2026-09-29,709,en,automatic,acquired,501,1803,10004,1305,709366,1.305,0.0,201899,45c83716830028e2631eea297f6a44cd96442d7ca771b7640ed353cadc2ddb59
N5fHwbNE-SQ,Dallas Fuel is Bringing NA Back (Ft. Cjay),2026-09-05,1133,en,automatic,acquired,1148,4034,21045,100,1134244,0.1,0.0,455112,3992435f939415d2fe901d1217ab7e843bd75e20089d5ba35eebd534fe5501ed
KLwLiiYYewQ,DON'T hold the choke?,2026-07-08,53,en,automatic,acquired,33,240,1237,0,54160,0.0,0.0,20003,a2eba7165b9f8fd2d54ce2729f65161e62dda5b93727b404f22ad47a2a7f42f5
prUv2eNrGD0,The 5 Levels of Sojourn: Diamond to Pro (Ft. PGE),2026-06-08,1889,en,automatic,acquired,911,5736,29638,0,1890920,0.0,0.0,503536,5a5dc4aaf75b0cadeea08d66c9a5747ae3598cad442febdc6fc1507e06068072
pQcjwEjo6us,Can SSG Stay Alive for More Than 5 Seconds?,2026-05-22,29,en,automatic,acquired,19,100,570,0,31400,0.0,0.0,10046,8548120ea1716e6fafb49f950597750a9416ba40741b81bfe3956d0d731d31d2
GjlM3r948EI,Nico Reads Junbin Like a Book,2026-05-06,22,en,automatic,acquired,6,28,135,680,23960,0.68,0.0,2940,c6814cc8a72b91d727ec0aba5bdf36309a0418a5dce0bc45a734181ebb085fbc
ijlmDdVIdtk,The New Dallas Fuel Can't Stop Winning,2026-04-27,924,en,automatic,acquired,512,3690,19284,0,924120,0.0,0.0,305291,190c636e8ce6365ff48627b8adf36008b1e2f5990653f9e8ed57d27668bc402a
AtmKIdmLLQ8,At Least We Won ONE Match,2026-04-17,935,en,automatic,acquired,486,3243,16999,600,936280,0.6,0.0,275624,10bb2be1fa1c838400d0ad8a72a973d0aa88f4d7b6d0e8382d2ddd02d4132a00
mXrTyliwJTI,HE HID FOR 14 SECONDS??,2026-04-16,60,en,automatic,acquired,18,95,503,1280,62080,1.28,0.0,9046,ae46f83b75d87cdbcfe53c88ad35ccd96db379f695f1f32f664cf77fd32e8a23
GKkzCd9cvUg,Ult Economy Might Be Real,2026-04-09,872,en,automatic,acquired,444,2967,15174,720,873240,0.72,0.0,251560,1b64ba7a130b71cc5d91434294c7939e4f269320aa40fe51c1a7d2391835f1f4
KlcWDgdXrZk,Playing Second: The Mind Control Warfare of Team Falcons,2026-03-08,844,en,automatic,acquired,438,3013,16437,320,845680,0.32,0.0,254672,975ced3a024a13da174df95da6dc7197fc1374dc448a2467c64ce61f6ba2dad1
x2jNJeKiMUU,The Biggest Season In Overwatch History,2026-02-08,1245,en,automatic,acquired,639,4285,23179,719,1245600,0.719,0.0,462689,5f99c493e63d80ed9de05dd9f4748ec57dde18056287ffc57a33aeea96867669
UC8D2vBDf_0,2026 Announcement,2026-02-02,311,en,automatic,acquired,131,967,4913,4720,312720,4.72,0.0,100853,4b2c79a9c8dfb0d2eb39c580150f2cca6e4a3510b0f31a410dee957b6d1c4a7b
Hl-nV1aF1yE,Back Up to Go Forward,2026-01-26,728,en,automatic,acquired,376,2578,13338,0,729800,0.0,0.0,217230,9395239462f0dfba9891dcb81b637ab856c4e493163fd46306444878556e3066
FjoWkH6Sl1k,How Good is the New Tier 2?,2026-01-21,1088,en,automatic,acquired,505,3549,18702,160,1089120,0.16,0.0,375465,bfe41cd10dbb45e4dec41e2432b49b20938f0c7860013f720563abf2b8b72ad8
aHwWbiUE4KQ,Ultimate Economy Does Not Matter,2026-01-08,584,en,automatic,acquired,291,2041,11111,880,585360,0.88,0.0,216319,e6c0a981ff1ab5c7720e24b53ec998e6ecb493cb5c65bde297186786a9b8cae0
iLX7uqsC1jE,The Best Questions of 2025,2026-01-02,1268,en,automatic,acquired,544,3788,19829,240,1270080,0.24,0.0,401131,d54dc524f1b3f272245b02c80dfa3e6ff04452e6c19fdd4e505473c89d168530
jSCHyAWoUjc,Rokit Makes Vendetta Look Broken,2025-12-21,977,en,automatic,acquired,487,3330,17393,0,973320,0.0,3.68,281077,5141cf556def0651511228dd328b2f753fb0015490e055150b3645fe9c9feb9c
M8393UkZxjY,Why Does Team Liquid Evaporate on Stage,2025-12-19,1529,en,automatic,acquired,1272,4849,25532,100,1529799,0.1,0.0,525204,e07d27a59df27cbb96de3a2df7342f662d883b12f685a76fe06876ad7ce43885
t1dnez3yuZ4,"Dva is Broken, so Why Aren't We Winning?",2025-12-14,1004,en,automatic,acquired,464,3096,16262,320,1006160,0.32,0.0,333786,a3284a20433efb812a5f9e23a1b2d773efc2208a210f1f56105cad9983cadd8b
Y4ORvoqZ1P0,How Far Has NA Fallen,2025-12-11,1051,en,automatic,acquired,484,3256,17134,160,1052400,0.16,0.0,349669,7297e94e120f16c678e9f22d607d00124deb48db402e6abca4445787a9675d13
sqtmsbHxrLE,Symm is NOT Meta... Twisted Minds are Just Better,2025-12-08,1025,en,automatic,acquired,498,3509,18672,80,1026480,0.08,0.0,370678,30887a59b25d8b0b9533e79f33f2372eb2141fa118999676da751eea0fb7dada
LSrm0ocaS1Q,The Secret Rules to Pro Aim,2025-11-15,1027,en,automatic,acquired,538,3686,18790,0,1029079,0.0,0.0,310043,e97a02c321c422eae7dfc0f99b4587d565505fa5bf5d7b24a283b210bf371c2c
AcAxvnAEYpg,How Are Old OWL Players Still So Good?,2025-11-06,879,en,automatic,acquired,433,2990,15709,560,880480,0.56,0.0,318453,ae1661a977ca0751258aa64a96881d8fbb955ba41fe29a10c5cbfaf530e3fa16
1OvQ5PAK0w0,Why Good Players Make Stupid Mistakes,2025-11-03,1168,en,automatic,acquired,590,4204,22110,654,1164880,0.654,3.12,443026,0d4ba41e281f3932f91918f7afdc97df13b0b3d0a4855595a17c91365761f3bd
2X_yEWyNms0,How I Would Fix Overwatch (As A Former Pro),2025-09-23,617,en,automatic,acquired,316,2215,12066,719,618880,0.719,0.0,234557,c594fc8de68b92a5299a2833f2a12a11fbdeb0364ad817d2375c23e36652ea95
TOaKp3Z44ho,THEY COULDN'T SURVIVE IN THE WEST... SO THEY RAN TO KOREA.,2025-09-15,944,en,automatic,acquired,445,3024,15919,80,945279,0.08,0.0,323338,7f4f04a7fec841d7947bb14ef06f3ebde523f1a654ac761ef9b063b6a3805e06
ln2t2rl1KYw,How to Enter the Pocket,2025-09-10,1366,en,automatic,acquired,720,5158,26976,160,1367919,0.16,0.0,542418,b35c76a51ca210dcc1fec38e290ff3416ba501c0c6e874f106e37e60cb0b2806
aNBstKtsPms,Australians CAN Coach? (Joybait),2025-09-04,946,en,automatic,acquired,540,3856,19939,80,948079,0.08,0.0,406316,cb5c8f2a9e7002e3e3cfa617caa844f9a51d37b70ead80832cafcfa13e0b507b
1UNctVbRS3M,How To Win Without Doing Damage,2025-08-31,1493,en,automatic,acquired,768,5552,29073,80,1494799,0.08,0.0,581434,b35327287aa4a7b780a4c278d34d26944703f311945bd778472eabb36e73d997
vu4KmVKp2f0,How Do You Beat Symmetra Cheese Comps?,2025-08-10,721,en,automatic,acquired,304,2138,11146,2639,721240,2.639,0.0,225812,8248737366f83a29e82e2f3f6770f4c54a1b1584a96ce45bfe964b60b18f2750
x5ej22cA7G0,I HATE Coaching.,2025-07-14,828,en,automatic,acquired,366,2435,12836,3280,829760,3.28,0.0,261259,3ea4f568e3ab516417fa1490d433448d71bea96900c43c3511d33fb24085890a
xabIcyolpJA,How to Make Plays Like the Best Freja (Kronik),2025-07-11,576,en,automatic,acquired,235,1641,8420,0,577200,0.0,0.0,173009,b9964b887aef5f2a93c37f8be52cac2123b44830f1fb2eab61f6f9067b66f557
E1bYy6OE_OQ,How to SEE Overwatch Like GEEKAY Esports,2025-07-02,506,en,automatic,acquired,233,1652,8724,320,505879,0.32,0.121,174059,29feaf7979d452d2a23e8c72dd367d54652204c270c03c075891f3072a45bd9e
SJdCkYn6Is0,Donghak Theory: How to Carry With no Help,2025-06-20,603,en,automatic,acquired,266,1880,9785,320,604560,0.32,0.0,197933,98f59ac471b728543f5317999107b3ea4a9e75ca75362816accd3c9026aca43c
LpxT2dykNK0,Lock Eyes and Fight,2025-06-12,524,en,automatic,acquired,256,1868,9662,1680,525919,1.68,0.0,195265,c5000e835c205aca90e9a7d8a26ec3541dec2bc11672d7296072c87ffcffd258
GIY_4hD9_M8,How T1 Beat the Best Overwatch Team in the World,2025-06-04,3218,en,automatic,acquired,1656,11876,61698,80,3219200,0.08,0.0,1247167,da29d90a2199c0ef1e78a68f5d8a4e30e67203b5695ce2dded6e9bd6df4cfff8
n-t2m7R_Gho,The Gang Watches Geekay vs Liquid (NA OWCS),2025-06-02,1288,en,automatic,acquired,558,3800,19570,4160,1289440,4.16,0.0,404218,fd13b42a03fa5aea96ccf9a8ab09b4f7501ee489a59a528da405994b17907448
MYW1ztAeDQc,Why do Dives Always Kill You,2025-04-30,929,en,automatic,acquired,410,2976,15195,1240,929000,1.24,0.0,310982,e352d00684bb86fe039008b01bc2924466d4f07322d2bf52b16ec1b7ed2797f8
vNp9kRvOjKA,You're Not Trying That Hard,2025-04-23,656,en,automatic,acquired,245,1607,8448,2639,657440,2.639,0.0,173490,3d7ab5805ce5ee35c9225fb35b336d7489e6602fb5efc912347391c445705132
cXnFhS2l47g,How the Best NA OWCS Team Got Their Revenge,2025-03-28,1557,en,automatic,acquired,777,5948,29692,2800,1558799,2.8,0.0,614168,20b21ff6dda8cc63dd16ca4aa3141e58285095b7634e3054068dda1d57456544
GYBpp0KM5-Q,Why Hero Bans Don't Work Against Crazy Raccoon (Overwatch SOOP Cup),2025-01-06,1017,en,automatic,acquired,449,3370,16591,3360,1014519,3.36,2.481,349364,6e0ec68884c9a250911cac9ba5b42242f17a73869ed2c0cf008f236f164a22f2
p609brPyPzg,How to Play Overwatch's Wolverine Copy (Hazard),2024-12-16,1041,en,automatic,acquired,565,4443,21590,1680,1041880,1.68,0.0,454603,92ce1307755c04757fff6ec28c40885299c1169236feeb840c1931f72f2c6a68
QvMsOy1wFr4,How NRG Won (And Lost) Overwatch Rock Paper Scissors,2024-12-08,1934,en,automatic,acquired,976,7361,37006,1800,1936360,1.8,0.0,763299,1647aeb865df415f6ae12673d7de53a73b24505579197bee8a24ff400a4e3280
STbH6hH8emk,Are you Smart Enough to Play Echo?,2024-12-04,1064,en,automatic,acquired,559,4404,21092,1760,1065440,1.76,0.0,450016,bbca9531134bfca6d09012fa68801efb34af3f0bff5019dfeaa23883c9dae1c8
XhcF5IzJDq4,Why are you Such an Unlucky Brig Player?,2024-12-02,1182,en,automatic,acquired,551,4123,20444,2240,1184120,2.24,0.0,427936,444fc7f9341cf00a7f3a27ef81fba50e91e30ee4209b664612ede67b335a28d5
K6Ayz-NHVe4,How Korea Solved Overwatch,2024-11-23,1182,en,automatic,acquired,579,4346,21899,1640,1183840,1.64,0.0,450975,87bc4d349148ade5a470aad2063bac03bd097b6446f9fb40fccb7b8475433481
V-Y0hBOI1yY,Why You Suck at the Easiest Tank,2024-11-20,952,en,automatic,acquired,494,3770,18795,1360,953959,1.36,0.0,388987,c23b35c160bb0fa0b3af6f5ffad786f66f5ccca52d0ef7621e9ed75c44f1e570
nddeTxFzT6Q,How to Play the Easiest Role in Overwatch (Hitscan),2024-11-19,1152,en,automatic,acquired,976,3581,19262,1315,1152820,1.315,0.0,395139,346a3404c497556e406c3a4bab9cc1d4fba650aeee18e839a5d1d10a9bceba8c
pMPwEwNEiQA,What You're Missing on Genji,2024-11-14,1208,en,automatic,acquired,597,4506,22398,1760,1209840,1.76,0.0,466535,8af5f59ff8071aecbf454ab45f435d523a3c417f93bdc4fc4174fb7558385899
XXrcVGWBmo4,Do This to be a Top 5 Brig in NA #overwatch2 #gaming #overwatchclips #ow2,2024-11-13,58,en,automatic,acquired,31,196,1033,1480,58120,1.48,0.0,17208,bd00967ad64ec1f1295cdf9d29cf45ebbf7281fa38c4036c50013e4346b7013d
z9n-JNB52rk,Get off the Corner,2024-11-11,933,en,automatic,acquired,480,3729,18443,1800,933000,1.8,0.0,383093,ae9caaa3e575b050bc31d711765020a03677bcc5a69b5cbcb80dcc419a3ba416
c92ESPjlveI,What are turns?,2023-11-28,998,en,automatic,acquired,461,3468,16841,1400,999480,1.4,0.0,358880,8404f3eb64ee5bbc87b2bae10b0cc5e2451e3710e3074aa8ec004568d8308987
JM50b3IU6-c,How to Play Split Comps in Overwatch (Toronto vs Washington),2023-10-27,1566,en,automatic,acquired,807,5979,30587,80,1567200,0.08,0.0,621563,2f793d6ea62a63eba9cb8733a4cb0b42d87c0908d6f8e861e703ba9a8cb3af10
