video_id,title,upload_date,duration_seconds,pass03_segments,pass04_status,provisional_claims,topic_tags,pass03_relevance,pass03_visual_priority,note
JM50b3IU6-c,How to Play Split Comps in Overwatch (Toronto vs Washington),2023-10-27,1566,10,sampled_not_exhaustive,4,macro_space_tempo;composition_matchups;fight_execution_review,85.8,69.4,Transcript windows sampled; remainder pending
c92ESPjlveI,What are turns?,2023-11-28,998,5,sampled_not_exhaustive,4,macro_space_tempo,86.9,65.3,Transcript windows sampled; remainder pending
z9n-JNB52rk,Get off the Corner,2024-11-11,933,6,sampled_not_exhaustive,3,macro_space_tempo;composition_matchups;fight_execution_review,84.8,69.7,Transcript windows sampled; remainder pending
XXrcVGWBmo4,Do This to be a Top 5 Brig in NA #overwatch2 #gaming #overwatchclips #ow2,2024-11-13,58,1,not_yet_reviewed,0,composition_matchups,83.0,67.0,Review transcript and extract timestamped claims
pMPwEwNEiQA,What You're Missing on Genji,2024-11-14,1208,7,sampled_not_exhaustive,2,macro_space_tempo;fight_execution_review;player_decisions_mechanics,83.1,70.2,Transcript windows sampled; remainder pending
nddeTxFzT6Q,How to Play the Easiest Role in Overwatch (Hitscan),2024-11-19,1152,6,not_yet_reviewed,0,player_decisions_mechanics;fight_execution_review;macro_space_tempo,82.2,69.5,Review transcript and extract timestamped claims
V-Y0hBOI1yY,Why You Suck at the Easiest Tank,2024-11-20,952,5,not_yet_reviewed,0,player_decisions_mechanics;fight_execution_review;composition_matchups,81.4,68.2,Review transcript and extract timestamped claims
K6Ayz-NHVe4,How Korea Solved Overwatch,2024-11-23,1182,6,sampled_not_exhaustive,2,macro_space_tempo;fight_execution_review;pro_team_analysis,81.9,69.2,Transcript windows sampled; remainder pending
XhcF5IzJDq4,Why are you Such an Unlucky Brig Player?,2024-12-02,1182,7,not_yet_reviewed,0,fight_execution_review;player_decisions_mechanics,80.6,65.2,Review transcript and extract timestamped claims
STbH6hH8emk,Are you Smart Enough to Play Echo?,2024-12-04,1064,6,not_yet_reviewed,0,fight_execution_review,82.3,65.0,Review transcript and extract timestamped claims
QvMsOy1wFr4,How NRG Won (And Lost) Overwatch Rock Paper Scissors,2024-12-08,1934,10,not_yet_reviewed,0,macro_space_tempo;fight_execution_review;composition_matchups,84.9,68.5,Review transcript and extract timestamped claims
p609brPyPzg,How to Play Overwatch's Wolverine Copy (Hazard),2024-12-16,1041,6,not_yet_reviewed,0,macro_space_tempo,84.9,69.7,Review transcript and extract timestamped claims
GYBpp0KM5-Q,Why Hero Bans Don't Work Against Crazy Raccoon (Overwatch SOOP Cup),2025-01-06,1017,6,not_yet_reviewed,0,fight_execution_review;game_design_meta;composition_matchups;player_decisions_mechanics,79.6,65.8,Review transcript and extract timestamped claims
cXnFhS2l47g,How the Best NA OWCS Team Got Their Revenge,2025-03-28,1557,9,not_yet_reviewed,0,macro_space_tempo;fight_execution_review,86.8,70.2,Review transcript and extract timestamped claims
vNp9kRvOjKA,You're Not Trying That Hard,2025-04-23,656,3,not_yet_reviewed,0,coaching_learning;career_community_personal,60.8,47.9,Review transcript and extract timestamped claims
MYW1ztAeDQc,Why do Dives Always Kill You,2025-04-30,929,5,sampled_not_exhaustive,3,composition_matchups;macro_space_tempo,86.0,71.2,Transcript windows sampled; remainder pending
n-t2m7R_Gho,The Gang Watches Geekay vs Liquid (NA OWCS),2025-06-02,1288,7,not_yet_reviewed,0,macro_space_tempo;pro_team_analysis;fight_execution_review,81.3,57.9,Review transcript and extract timestamped claims
GIY_4hD9_M8,How T1 Beat the Best Overwatch Team in the World,2025-06-04,3218,18,not_yet_reviewed,0,macro_space_tempo;fight_execution_review;composition_matchups;pro_team_analysis,83.9,68.8,Review transcript and extract timestamped claims
LpxT2dykNK0,Lock Eyes and Fight,2025-06-12,524,3,sampled_not_exhaustive,1,macro_space_tempo,88.3,69.9,Transcript windows sampled; remainder pending
SJdCkYn6Is0,Donghak Theory: How to Carry With no Help,2025-06-20,603,3,not_yet_reviewed,0,player_decisions_mechanics;fight_execution_review;macro_space_tempo,83.6,62.7,Review transcript and extract timestamped claims
E1bYy6OE_OQ,How to SEE Overwatch Like GEEKAY Esports,2025-07-02,506,3,sampled_not_exhaustive,2,fight_execution_review;career_community_personal,67.5,53.2,Transcript windows sampled; remainder pending
xabIcyolpJA,How to Make Plays Like the Best Freja (Kronik),2025-07-11,576,3,not_yet_reviewed,0,fight_execution_review;macro_space_tempo,83.8,62.3,Review transcript and extract timestamped claims
x5ej22cA7G0,I HATE Coaching.,2025-07-14,828,5,not_yet_reviewed,0,coaching_learning,75.2,61.6,Review transcript and extract timestamped claims
vu4KmVKp2f0,How Do You Beat Symmetra Cheese Comps?,2025-08-10,721,4,not_yet_reviewed,0,composition_matchups;macro_space_tempo;pro_team_analysis,82.9,63.0,Review transcript and extract timestamped claims
1UNctVbRS3M,How To Win Without Doing Damage,2025-08-31,1493,8,sampled_not_exhaustive,2,macro_space_tempo;fight_execution_review;composition_matchups;player_decisions_mechanics,84.0,70.1,Transcript windows sampled; remainder pending
aNBstKtsPms,Australians CAN Coach? (Joybait),2025-09-04,946,5,not_yet_reviewed,0,fight_execution_review;macro_space_tempo,83.4,66.0,Review transcript and extract timestamped claims
ln2t2rl1KYw,How to Enter the Pocket,2025-09-10,1366,7,not_yet_reviewed,0,fight_execution_review;macro_space_tempo;coaching_learning,82.7,69.7,Review transcript and extract timestamped claims
TOaKp3Z44ho,THEY COULDN'T SURVIVE IN THE WEST... SO THEY RAN TO KOREA.,2025-09-15,944,5,not_yet_reviewed,0,macro_space_tempo;fight_execution_review;player_decisions_mechanics,83.5,65.6,Review transcript and extract timestamped claims
2X_yEWyNms0,How I Would Fix Overwatch (As A Former Pro),2025-09-23,617,3,not_yet_reviewed,0,game_design_meta,58.6,59.3,Review transcript and extract timestamped claims
1OvQ5PAK0w0,Why Good Players Make Stupid Mistakes,2025-11-03,1168,7,sampled_not_exhaustive,2,fight_execution_review;player_decisions_mechanics;macro_space_tempo;composition_matchups,82.3,68.9,Transcript windows sampled; remainder pending
AcAxvnAEYpg,How Are Old OWL Players Still So Good?,2025-11-06,879,5,not_yet_reviewed,0,macro_space_tempo;pro_team_analysis,82.8,66.4,Review transcript and extract timestamped claims
LSrm0ocaS1Q,The Secret Rules to Pro Aim,2025-11-15,1027,6,not_yet_reviewed,0,player_decisions_mechanics,78.4,67.7,Review transcript and extract timestamped claims
sqtmsbHxrLE,Symm is NOT Meta... Twisted Minds are Just Better,2025-12-08,1025,6,not_yet_reviewed,0,composition_matchups;coaching_learning;game_design_meta;fight_execution_review,78.8,65.2,Review transcript and extract timestamped claims
Y4ORvoqZ1P0,How Far Has NA Fallen,2025-12-11,1051,5,not_yet_reviewed,0,fight_execution_review;composition_matchups,82.5,62.1,Review transcript and extract timestamped claims
t1dnez3yuZ4,"Dva is Broken, so Why Aren't We Winning?",2025-12-14,1004,5,not_yet_reviewed,0,fight_execution_review;career_community_personal;composition_matchups;macro_space_tempo,76.7,56.0,Review transcript and extract timestamped claims
M8393UkZxjY,Why Does Team Liquid Evaporate on Stage,2025-12-19,1529,8,not_yet_reviewed,0,macro_space_tempo;fight_execution_review;composition_matchups,84.8,66.9,Review transcript and extract timestamped claims
jSCHyAWoUjc,Rokit Makes Vendetta Look Broken,2025-12-21,977,5,not_yet_reviewed,0,macro_space_tempo;fight_execution_review,85.0,68.7,Review transcript and extract timestamped claims
iLX7uqsC1jE,The Best Questions of 2025,2026-01-02,1268,7,not_yet_reviewed,0,coaching_learning;player_decisions_mechanics;composition_matchups;game_design_meta,75.2,53.8,Review transcript and extract timestamped claims
aHwWbiUE4KQ,Ultimate Economy Does Not Matter,2026-01-08,584,3,sampled_not_exhaustive,4,fight_execution_review,86.2,65.1,Transcript windows sampled; remainder pending
FjoWkH6Sl1k,How Good is the New Tier 2?,2026-01-21,1088,6,not_yet_reviewed,0,fight_execution_review;macro_space_tempo;composition_matchups,84.2,68.7,Review transcript and extract timestamped claims
Hl-nV1aF1yE,Back Up to Go Forward,2026-01-26,728,5,sampled_not_exhaustive,3,macro_space_tempo;fight_execution_review,85.4,72.0,Transcript windows sampled; remainder pending
UC8D2vBDf_0,2026 Announcement,2026-02-02,311,2,not_yet_reviewed,0,career_community_personal,29.0,14.2,Review transcript and extract timestamped claims
x2jNJeKiMUU,The Biggest Season In Overwatch History,2026-02-08,1245,6,not_yet_reviewed,0,player_decisions_mechanics;game_design_meta,74.6,54.7,Review transcript and extract timestamped claims
KlcWDgdXrZk,Playing Second: The Mind Control Warfare of Team Falcons,2026-03-08,844,5,sampled_not_exhaustive,3,macro_space_tempo;pro_team_analysis;fight_execution_review,83.8,65.3,Transcript windows sampled; remainder pending
GKkzCd9cvUg,Ult Economy Might Be Real,2026-04-09,872,5,sampled_not_exhaustive,3,macro_space_tempo;fight_execution_review,85.7,66.1,Transcript windows sampled; remainder pending
mXrTyliwJTI,HE HID FOR 14 SECONDS??,2026-04-16,60,1,not_yet_reviewed,0,fight_execution_review,83.0,72.0,Review transcript and extract timestamped claims
AtmKIdmLLQ8,At Least We Won ONE Match,2026-04-17,935,6,not_yet_reviewed,0,macro_space_tempo;fight_execution_review,85.9,67.7,Review transcript and extract timestamped claims
ijlmDdVIdtk,The New Dallas Fuel Can't Stop Winning,2026-04-27,924,5,not_yet_reviewed,0,macro_space_tempo;composition_matchups;pro_team_analysis;fight_execution_review,81.3,64.7,Review transcript and extract timestamped claims
GjlM3r948EI,Nico Reads Junbin Like a Book,2026-05-06,22,1,not_yet_reviewed,0,mixed_other,45.0,51.0,Review transcript and extract timestamped claims
pQcjwEjo6us,Can SSG Stay Alive for More Than 5 Seconds?,2026-05-22,29,1,not_yet_reviewed,0,macro_space_tempo,87.0,61.0,Review transcript and extract timestamped claims
prUv2eNrGD0,The 5 Levels of Sojourn: Diamond to Pro (Ft. PGE),2026-06-08,1889,10,not_yet_reviewed,0,fight_execution_review;player_decisions_mechanics;macro_space_tempo,83.5,62.8,Review transcript and extract timestamped claims
KLwLiiYYewQ,DON'T hold the choke?,2026-07-08,53,1,sampled_not_exhaustive,1,macro_space_tempo,87.0,74.0,Transcript windows sampled; remainder pending
N5fHwbNE-SQ,Dallas Fuel is Bringing NA Back (Ft. Cjay),2026-09-05,1133,5,not_yet_reviewed,0,macro_space_tempo,84.6,59.2,Review transcript and extract timestamped claims
_pv_dhja-4w,You're Never Going to Learn,2026-09-29,709,4,sampled_not_exhaustive,3,coaching_learning;player_decisions_mechanics,75.1,62.5,Transcript windows sampled; remainder pending
