claim_id,primary_cluster,secondary_clusters,upload_date,video_id,start,url,claim_class,scope,claim,transcript_confidence,visual_dependency,gameplay_verified
P4-001,C04_splits,C09_compositions,2023-10-27,JM50b3IU6-c,00:00:47,https://www.youtube.com/watch?v=JM50b3IU6-c&t=47s,definition,"Split composition, 2023 example","A split composition can form two or sometimes three cores, creating pressure from distinct map areas rather than moving as a five-player rush unit.",high,medium,False
P4-002,C04_splits,,2023-10-27,JM50b3IU6-c,00:01:57,https://www.youtube.com/watch?v=JM50b3IU6-c&t=117s,definition,His usage in this video,"He calls the larger or tank-containing group the core and the smaller or tankless group the off angle, while acknowledging the terminology is partly conventional.",high,low,False
P4-003,C04_splits,C01_turns;C03_geometry,2023-10-27,JM50b3IU6-c,00:09:00,https://www.youtube.com/watch?v=JM50b3IU6-c&t=540s,conditional_rule,Split composition facing a rush,"When one split core is rushed, it should retreat while the other pressures the enemy's trailing support and forces cooldowns, kills, or objective value; the two cores push and pull simultaneously.",high,high,False
P4-004,C04_splits,C03_geometry;C12_dps,2023-10-27,JM50b3IU6-c,00:18:40,https://www.youtube.com/watch?v=JM50b3IU6-c&t=1120s,conditional_rule,Toronto–Washington side-lane example,A pressured off angle has already contributed by drawing resources; trying to push both cores at once can throw away the advantage. The pressured core should keep attention while surviving.,high,high,False
P4-005,C01_turns,,2023-11-28,c92ESPjlveI,00:00:58,https://www.youtube.com/watch?v=c92ESPjlveI&t=58s,definition,Brawl and dive examples; poke acknowledged as less obvious,"A turn is a period when a team spends cooldowns or takes space for proactive value; taking a first turn, a second turn, and a simultaneous neutralizing turn are distinct choices.",high,low,False
P4-006,C01_turns,,2023-11-28,c92ESPjlveI,00:02:05,https://www.youtube.com/watch?v=c92ESPjlveI&t=125s,conditional_rule,Dive into entrenched defense,"Simultaneous neutralization tends to preserve the current map state, while sequential turns seek to change it. A team attacking a strong defensive setup cannot rely on neutralization alone to gain space.",high,medium,False
P4-007,C01_turns,C06_bait;C10_objective;C11_tank,2023-11-28,c92ESPjlveI,00:06:35,https://www.youtube.com/watch?v=c92ESPjlveI&t=395s,mechanism,Dive mirror example,"A space-poor dive team can pressure cart or set DPS angles to make the opposing Winston spend his first turn, creating a later second-turn opportunity.",high,high,False
P4-008,C01_turns,C06_bait;C07_windows,2023-11-28,c92ESPjlveI,00:09:10,https://www.youtube.com/watch?v=c92ESPjlveI&t=550s,conditional_rule,Illustrated dive mirror,"Soft dives can extend one's own time in while baiting enemy cooldown cycles; after the opposing Winston leaves, the team can use its second turn with backline and DPS aggression.",medium,high,False
P4-009,C03_geometry,C13_support,2024-11-11,z9n-JNB52rk,00:00:39,https://www.youtube.com/watch?v=z9n-JNB52rk&t=39s,mechanism,Corner swing and tank–backline trade,A backline that follows its tank tightly around a corner is easier for the opposing tank to reach than a backline offset from that corner.,high,high,False
P4-010,C09_compositions,,2024-11-11,z9n-JNB52rk,00:02:15,https://www.youtube.com/watch?v=z9n-JNB52rk&t=135s,framework,Overwatch 2; explicit broad simplification,"He frames many Overwatch 2 fights as tank–backline reach and trade problems and says a team may engage or bait that interaction; these are broad explanatory simplifications, not strict composition taxonomy.",high,medium,False
P4-011,C03_geometry,C06_bait;C13_support,2024-11-11,z9n-JNB52rk,00:07:37,https://www.youtube.com/watch?v=z9n-JNB52rk&t=457s,conditional_rule,Orisa mirror example,"A team going first around a corner can still plan to kite in the midfight; its backline needs an offset position and a window, such as an opponent's key cooldown being spent.",medium,high,False
P4-012,C14_execution,C02_information;C12_dps;C15_learning,2024-11-14,pMPwEwNEiQA,00:01:55,https://www.youtube.com/watch?v=pMPwEwNEiQA&t=115s,conditional_rule,Genji review,"After a successful Genji engage, the player should recheck enemy threats before chasing another kill; tunnel vision turns a favorable trade into a needless coin flip.",high,high,False
P4-013,C14_execution,C12_dps;C15_learning,2024-11-14,pMPwEwNEiQA,00:08:10,https://www.youtube.com/watch?v=pMPwEwNEiQA&t=490s,mechanism,Illustrated Genji play,"For Genji, tracking who is looking at him and when pressure shifts matters more than merely minimizing damage taken.",medium,high,False
P4-014,C01_turns,,2024-11-23,K6Ayz-NHVe4,00:01:30,https://www.youtube.com/watch?v=K6Ayz-NHVe4&t=90s,definition,2024 analysis; his stated personal usage,He defines going first as choosing the engage and going second or baiting as allowing the opponent to commit before responding; hero and meta affect how those actions look.,high,low,False
P4-015,C06_bait,C03_geometry;C13_support,2024-11-23,K6Ayz-NHVe4,00:06:40,https://www.youtube.com/watch?v=K6Ayz-NHVe4&t=400s,conditional_rule,Illustrated Korean team defense,An effective bait setup preserves the ability to punish an incoming engage; simply kiting without ever standing ground to punish it misses the purpose.,high,high,False
P4-016,C05_setup,C09_compositions,2025-04-30,MYW1ztAeDQc,00:00:55,https://www.youtube.com/watch?v=MYW1ztAeDQc&t=55s,framework,Dive mirror hypothetical,"The expected outcome of a mirrored Winston–Tracer dive depends heavily on the quality of each dive's staging, rather than a fixed rule that the backline always lives or dies.",high,medium,False
P4-017,C05_setup,C03_geometry;C11_tank;C13_support,2025-04-30,MYW1ztAeDQc,00:04:05,https://www.youtube.com/watch?v=MYW1ztAeDQc&t=245s,conditional_rule,Ana–Brigitte retake example,"Against a well-staged dive, reviewing only defensive cooldown execution is often too late; instead, prevent the Tracer angle or Winston jump from becoming favorable before walking up.",high,high,False
P4-018,C05_setup,C03_geometry;C10_objective;C13_support,2025-04-30,MYW1ztAeDQc,00:10:00,https://www.youtube.com/watch?v=MYW1ztAeDQc&t=600s,mechanism,Falcons retake example,"A wide retake route can clear or displace the dive setup, presenting the enemy Winston with a poor long-distance dive or a concession of space.",medium,high,False
P4-019,C02_information,C04_splits;C05_setup;C12_dps;C15_learning,2025-07-02,E1bYy6OE_OQ,00:00:45,https://www.youtube.com/watch?v=E1bYy6OE_OQ&t=45s,definition,2025 Geekay analysis,"Before a good setup, teammates should maximize safe sight of the enemy; he distinguishes broad team sight from scouting a specific player.",high,medium,False
P4-020,C02_information,C03_geometry;C05_setup,2025-07-02,E1bYy6OE_OQ,00:02:00,https://www.youtube.com/watch?v=E1bYy6OE_OQ&t=120s,mechanism,Geekay versus Nightmare illustration,"Poking far forward between fights can reveal the enemy's walk-up, after which a team can withdraw behind a corner while retaining information and denying the same view to its opponent.",high,high,False
P4-021,C05_setup,C02_information;C03_geometry,2025-06-12,LpxT2dykNK0,00:00:40,https://www.youtube.com/watch?v=LpxT2dykNK0&t=40s,framework,Korean versus Western example,The pre-fight staging phase is a contest over how each team shapes the fight; conceding angles and retreating only after the enemy has finished setting up can lose before the nominal engage.,medium,high,False
P4-022,C15_learning,C12_dps;C14_execution,2025-11-03,1OvQ5PAK0w0,00:00:30,https://www.youtube.com/watch?v=1OvQ5PAK0w0&t=30s,method,2025 match review,"Replay analysis should reconstruct what players could know and were prioritizing at the moment, rather than explain a death solely with hindsight.",high,medium,False
P4-023,C15_learning,C14_execution,2025-11-03,1OvQ5PAK0w0,00:01:50,https://www.youtube.com/watch?v=1OvQ5PAK0w0&t=110s,method,Coaching and match review,A postgame list of correct actions can be less useful than identifying the in-game attention process that prevented known actions from being executed under limited mental bandwidth.,high,low,False
P4-024,C09_compositions,C04_splits;C11_tank,2025-08-31,1UNctVbRS3M,00:00:25,https://www.youtube.com/watch?v=1UNctVbRS3M&t=25s,conditional_rule,Specific double-flex DPS composition discussion,"Low-damage double-flex DPS setups cannot rely as much on forcing tank cooldowns or long-range picks; they depend more on pathing, scouting, and avoiding head-on contests.",medium,high,False
P4-025,C07_windows,C01_turns;C06_bait;C12_dps,2025-08-31,1UNctVbRS3M,00:01:30,https://www.youtube.com/watch?v=1UNctVbRS3M&t=90s,mechanism,Specific Genji/D.Va illustration,"A DPS may yield an angle to an opponent's clearing attempt, preserving own resources; the opponent's spent movement and subsequent retreat become a window to re-enter.",medium,high,False
P4-026,C08_ultimates,C09_compositions,2026-01-08,aHwWbiUE4KQ,00:00:00,https://www.youtube.com/watch?v=aHwWbiUE4KQ&t=0s,qualified_thesis,2026-01 analysis; composition and meta dependent,"Ultimate economy still exists, but he argues it generally carries less explanatory weight in Overwatch 2 than in Overwatch 1; he explicitly exempts some D.Va, Zarya, and Symmetra compositions.",high,low,False
P4-027,C08_ultimates,C04_splits,2026-01-08,aHwWbiUE4KQ,00:01:40,https://www.youtube.com/watch?v=aHwWbiUE4KQ&t=100s,mechanism,Overwatch 2 versus Overwatch 1 argument,"More individual playmaking, splits, and messy trades can let a team win despite spending or facing an apparent ultimate deficit.",medium,high,False
P4-028,C08_ultimates,C03_geometry;C06_bait;C11_tank;C13_support,2026-01-08,aHwWbiUE4KQ,00:04:25,https://www.youtube.com/watch?v=aHwWbiUE4KQ&t=265s,mechanism,Specific bait example; more mobile OW2 context,"Spacing the backline while a sturdier front line shows can draw an enemy ultimate and permit a kite, making the opponent's stored ultimate less decisive.",medium,high,False
P4-029,C08_ultimates,C10_objective,2026-01-08,aHwWbiUE4KQ,00:07:20,https://www.youtube.com/watch?v=aHwWbiUE4KQ&t=440s,mechanism,Meta dependent; his third reason,"Winning a fight can generate later ultimate charge and next-fight setup; losing a fight creates a retake burden, so counting only ultimates spent omits these state changes.",high,medium,False
P4-030,C03_geometry,C05_setup;C06_bait,2026-01-26,Hl-nV1aF1yE,00:00:55,https://www.youtube.com/watch?v=Hl-nV1aF1yE&t=55s,conditional_rule,Specific map and composition situation,"When a direct push through a prepared Sig/Bastion and Mei defense is unworkable, backing out early can hide a new route and create a later push opportunity.",high,high,False
P4-031,C03_geometry,,2026-01-26,Hl-nV1aF1yE,00:03:10,https://www.youtube.com/watch?v=Hl-nV1aF1yE&t=190s,distinction,Explicit response to possible tension with prior 'Lock Eyes and Fight' video,Early voluntary withdrawal while cooldowns and distance remain differs from backing up after poke has forced a retreat; the latter can allow pursuit and further loss of space.,high,high,False
P4-032,C03_geometry,C01_turns;C06_bait,2026-01-26,Hl-nV1aF1yE,00:05:45,https://www.youtube.com/watch?v=Hl-nV1aF1yE&t=345s,mechanism,Twisted Minds example,"After spending an unsuccessful first turn, a team can retreat before the opponent closes, retain room to act, and regain the initiative for a later turn.",medium,high,False
P4-033,C01_turns,,2026-03-08,KlcWDgdXrZk,00:00:00,https://www.youtube.com/watch?v=KlcWDgdXrZk&t=0s,framework,2026 Falcons–Crazy Raccoon match,First and second are useful descriptions of timing but poor instructions on their own; playing second requires flexible coverage of possible opponent decisions.,high,high,False
P4-034,C06_bait,C07_windows;C11_tank,2026-03-08,KlcWDgdXrZk,00:02:15,https://www.youtube.com/watch?v=KlcWDgdXrZk&t=135s,mechanism,Falcons examples,"A team seeking to play second may intentionally offer a cooldown trade or punishable position to induce a predictable opponent commitment, then arrange a counter-engage.",high,high,False
P4-035,C06_bait,C07_windows,2026-03-08,KlcWDgdXrZk,00:10:35,https://www.youtube.com/watch?v=KlcWDgdXrZk&t=635s,counterexample,Falcons–Crazy Raccoon later fight,The first-moving team can accept such bait if it responds quickly and coherently; a second-moving team that spends cooldowns to bait and then merely mirrors the same engage risks losing the cooldown trade.,high,high,False
P4-036,C08_ultimates,,2026-04-09,GKkzCd9cvUg,00:01:50,https://www.youtube.com/watch?v=GKkzCd9cvUg&t=110s,clarification,2026-04 follow-up to 2026-01 thesis,In the later follow-up he maintains that spending multiple support ultimates to win can be acceptable; the reviewed failure was spending them while losing and without a viable post-fight setup.,high,high,False
P4-037,C08_ultimates,C11_tank;C13_support,2026-04-09,GKkzCd9cvUg,00:03:50,https://www.youtube.com/watch?v=GKkzCd9cvUg&t=230s,case_judgment,"Specific match, may depend on cooldown tracking","In the reviewed Zenyatta–Brigitte fight, he prefers a wide swing and kiting the opposing response rather than committing into it with both support ultimates.",medium,high,False
P4-038,C10_objective,C08_ultimates,2026-04-09,GKkzCd9cvUg,00:06:30,https://www.youtube.com/watch?v=GKkzCd9cvUg&t=390s,case_judgment,Specific post-ultimate retake,A point flip is insufficient if the team clusters on point and lacks angles or a pinch for the next touch; the quality of the resulting setup matters more than the count of ultimates spent.,high,high,False
P4-039,C02_information,C03_geometry;C05_setup,2026-07-08,KLwLiiYYewQ,00:00:00,https://www.youtube.com/watch?v=KLwLiiYYewQ&t=0s,conditional_rule,One short 2026 commentary clip,Poking past a choke before backing up can locate the opponent and preserve initiative; simply holding the choke can permit the enemy to arrange its own play.,medium,high,False
P4-040,C15_learning,C14_execution,2026-09-29,_pv_dhja-4w,00:02:15,https://www.youtube.com/watch?v=_pv_dhja-4w&t=135s,method,2026-09 learning advice; explicitly qualified for top experts,"For players below the highest level, he recommends deliberate observation of real games over relying on first-principles mental simulation of an extremely complex game.",high,low,False
P4-041,C15_learning,C14_execution,2026-09-29,_pv_dhja-4w,00:05:10,https://www.youtube.com/watch?v=_pv_dhja-4w&t=310s,method,"Serious, time-intensive practice proposal","He recommends writing a detailed record of a pro replay to expose unnoticed events and patterns, then comparing a closely matched own replay to identify differences.",high,low,False
P4-042,C15_learning,C14_execution,2026-09-29,_pv_dhja-4w,00:10:20,https://www.youtube.com/watch?v=_pv_dhja-4w&t=620s,method,Non-expert learning and team discussion,"When testing a tactical disagreement, seek several closely comparable real examples and check for confounds rather than relying only on hypothetical arguments.",high,low,False
P4-043,C13_support,C09_compositions,2024-11-13,XXrcVGWBmo4,00:00:00,https://www.youtube.com/watch?v=XXrcVGWBmo4&t=0s,conditional_rule,Specific Brigitte–Cassidy ultimate interaction,Brigitte should shield an allied Cassidy using Deadeye and counter-bash an enemy Rally attempt that would interrupt him.,high,high,False
P4-044,C12_dps,C09_compositions;C13_support,2024-11-19,nddeTxFzT6Q,00:00:45,https://www.youtube.com/watch?v=nddeTxFzT6Q&t=45s,framework,Tank-focused neutral in the illustrated composition,Hitscan must pressure the enemy tank's advance while remaining difficult to trade; raw aim alone does not resolve the tension between damage and survival.,medium,medium,False
P4-045,C12_dps,C03_geometry;C13_support,2024-11-19,nddeTxFzT6Q,00:10:35,https://www.youtube.com/watch?v=nddeTxFzT6Q&t=635s,conditional_rule,Illustrated Orisa cooldown exchange,"When a teammate forces a tank cooldown, the hitscan need not follow the frontline into reach; maintaining a safe firing angle can exploit the advantage without becoming the easiest trade.",medium,high,False
P4-046,C11_tank,C09_compositions,2024-11-20,V-Y0hBOI1yY,00:01:30,https://www.youtube.com/watch?v=V-Y0hBOI1yY&t=90s,conditional_rule,"2024 Mauga meta, with team healing available","In the then-current Mauga mirror, retaining armor changes the sustain versus incoming damage trade; engaging before armor is restored can make a tank suddenly punishable.",medium,high,False
P4-047,C11_tank,C07_windows,2024-11-20,V-Y0hBOI1yY,00:08:50,https://www.youtube.com/watch?v=V-Y0hBOI1yY&t=530s,mechanism,Specific Mauga neutral and matchup,"A soft Mauga charge through an angle and back toward safety can create neutral pressure while preserving an exit, unlike committing the charge into the entire enemy team.",high,high,False
P4-048,C11_tank,C08_ultimates,2024-11-20,V-Y0hBOI1yY,00:10:35,https://www.youtube.com/watch?v=V-Y0hBOI1yY&t=635s,conditional_rule,Specific cage examples in 2024 meta,"A Mauga cage need not contain all five opponents; splitting frontline from support, or catching a reachable target without losing armor on entry, can be more valuable than an exposed five-person cage.",high,high,False
P4-049,C13_support,,2024-12-02,XhcF5IzJDq4,00:03:20,https://www.youtube.com/watch?v=XhcF5IzJDq4&t=200s,conditional_rule,2024 Mauga–Brigitte example,"A Brigitte can walk in on a teammate's cooldown trigger and withdraw before taking damage, reducing exposure to the next enemy engage and preserving midfight options.",high,high,False
P4-050,C12_dps,C07_windows,2024-12-04,STbH6hH8emk,00:02:25,https://www.youtube.com/watch?v=STbH6hH8emk&t=145s,mechanism,Echo mirror in specified composition,"When the opposing Echo spends flight without gaining value, a saved flight can be used to threaten her or zone a Juno, changing which side can contribute to the frontline fight.",high,high,False
P4-051,C12_dps,C07_windows;C08_ultimates;C09_compositions,2024-12-04,STbH6hH8emk,00:04:10,https://www.youtube.com/watch?v=STbH6hH8emk&t=250s,conditional_rule,2024 Mauga–Reaper–Echo match context,"Echo's target choice follows the team's intended fight: help force frontline cooldowns in a front-to-back fight, or reach a genuinely exposed backline when the frontline contest cannot succeed on its own.",high,medium,False
P4-052,C12_dps,C07_windows;C08_ultimates,2024-12-04,STbH6hH8emk,00:08:35,https://www.youtube.com/watch?v=STbH6hH8emk&t=515s,conditional_rule,Illustrated cage/Reaper ultimate fights,Preserving flight until the backline becomes reachable or the opposing Echo must make a play can protect a favored frontline fight; flying upward merely for extra poke can forfeit that option.,high,high,False
P4-053,C08_ultimates,C01_turns;C10_objective;C13_support,2024-12-08,QvMsOy1wFr4,00:09:35,https://www.youtube.com/watch?v=QvMsOy1wFr4&t=575s,conditional_rule,Specific NRG retake; not a blanket ratio,"When losing the retake would snowball into charge and objective disadvantage, spending two or even three ultimates to secure one fight can be justified.",high,high,False
P4-054,C06_bait,,2024-12-08,QvMsOy1wFr4,00:12:10,https://www.youtube.com/watch?v=QvMsOy1wFr4&t=730s,conditional_rule,NRG example with objective pressure,"If both teams wait to go second, the team without objective control must apply frontline pressure or create angles to force an opponent decision; a safely positioned backline alone does nothing.",high,high,False
P4-055,C01_turns,C05_setup;C06_bait;C07_windows;C12_dps,2024-12-08,QvMsOy1wFr4,00:21:50,https://www.youtube.com/watch?v=QvMsOy1wFr4&t=1310s,definition,Illustrated NRG engage,"A fast composition need not constantly move at maximum pace; it can delay, observe the opposing setup, and accelerate when the chosen trigger appears.",high,medium,False
P4-056,C11_tank,,2024-12-16,p609brPyPzg,00:01:25,https://www.youtube.com/watch?v=p609brPyPzg&t=85s,mechanism,"Newly released Hazard, 2024 example",Hazard's wall climb can improve scouting and the angle for placing a wall behind an opponent before a slash engage.,high,high,False
P4-057,C11_tank,C09_compositions,2024-12-16,p609brPyPzg,00:10:50,https://www.youtube.com/watch?v=p609brPyPzg&t=650s,conditional_rule,Hazard mirror and team setup,"In a mirrored Hazard backline trade, choose between stalling the enemy backline and reaching for a kill according to whether one's own team can survive and punish the opposing engage.",high,high,False
P4-058,C09_compositions,,2025-01-06,GYBpp0KM5-Q,00:02:50,https://www.youtube.com/watch?v=GYBpp0KM5-Q&t=170s,mechanism,Early 2025 hero-ban context; named support pairings are patch specific,Banning a support can force an opponent to choose between preserving a desired hero with a weaker support partner and changing the whole support line and composition playstyle.,high,medium,False
P4-059,C13_support,C09_compositions,2025-01-06,GYBpp0KM5-Q,00:12:15,https://www.youtube.com/watch?v=GYBpp0KM5-Q&t=735s,conditional_rule,Hazard–Genji dive example,A Kiriko–Lucio backline should plan a teleport destination away from a second diver before the first diver forces the movement; teammates can position to provide that safe target.,high,high,False
P4-060,C05_setup,C11_tank,2025-03-28,cXnFhS2l47g,00:01:25,https://www.youtube.com/watch?v=cXnFhS2l47g&t=85s,case_judgment,Rad versus Nightmare early matchup,"A strong setup can deny the other team's staging routes, leaving its own engage timing and micro as the second part of a simple fight plan.",high,high,False
P4-061,C09_compositions,C03_geometry;C11_tank,2025-03-28,cXnFhS2l47g,00:14:00,https://www.youtube.com/watch?v=cXnFhS2l47g&t=840s,case_judgment,Nightmare rematch adaptation versus Liquid,"Against a coordinated swing at Hazard, starting farther from the corner can force opponents to cross open space; if they instead rotate or split, Hazard regains an engage opportunity.",high,high,False
P4-062,C15_learning,C14_execution,2025-04-23,vNp9kRvOjKA,00:03:00,https://www.youtube.com/watch?v=vNp9kRvOjKA&t=180s,coaching_thesis,"Advice to competitive aspirants, not a gameplay law","He argues that an ambitious player should practice at the standard of the next level before receiving its opportunity, while explicitly exempting those playing for enjoyment and conceding unusual constraints can exist.",high,low,False
P4-063,C05_setup,C11_tank,2025-06-02,n-t2m7R_Gho,00:12:15,https://www.youtube.com/watch?v=n-t2m7R_Gho&t=735s,case_judgment,Live Geekay–Liquid commentary,Allowing an opposing Winston multiple staging jumps without contesting him or changing the team's route can hand him a favorable dive setup.,medium,high,False
P4-064,C05_setup,C02_information;C07_windows;C11_tank;C12_dps;C14_execution,2025-06-04,GIY_4hD9_M8,00:39:10,https://www.youtube.com/watch?v=GIY_4hD9_M8&t=2350s,case_judgment,"T1–Crazy Raccoon review, specific composition",A tank's strong clearing jump creates only a short window; DPS must take a matching angle at that time rather than letting the opposing dive restage uncontested.,medium,high,False
P4-065,C11_tank,C14_execution,2025-06-20,SJdCkYn6Is0,00:00:35,https://www.youtube.com/watch?v=SJdCkYn6Is0&t=35s,mechanism,"Donghak example, Ana–Brigitte backline",The first dive target has defensive abilities to outplay; Winston can use bubble placement and timed movement to draw or dodge sleep and a boop before reaching for a kill.,high,high,False
P4-066,C11_tank,C07_windows;C14_execution,2025-06-20,SJdCkYn6Is0,00:06:25,https://www.youtube.com/watch?v=SJdCkYn6Is0&t=385s,conditional_rule,Illustrated Ball versus Lucio–Kiriko–Cassidy,"Against another support pairing, the same general task of drawing defensive tools changes its implementation: a Ball engage may bait a boop or flash before slamming.",high,high,False
P4-067,C12_dps,C04_splits,2025-07-11,xabIcyolpJA,00:01:55,https://www.youtube.com/watch?v=xabIcyolpJA&t=115s,mechanism,Freja duel and rotation examples,"Leaving an angle before opponents force the exit buys more distance and time, allowing a burst DPS to reappear from another angle with fresh pick chances.",high,high,False
P4-068,C12_dps,C07_windows,2025-07-11,xabIcyolpJA,00:04:55,https://www.youtube.com/watch?v=xabIcyolpJA&t=295s,conditional_rule,Freja example,"When a favored duel is unavailable, a DPS can still contribute frontline damage and cooldown pressure instead of forcing an unwinnable duel.",high,medium,False
P4-069,C15_learning,,2025-07-14,x5ej22cA7G0,00:06:20,https://www.youtube.com/watch?v=x5ej22cA7G0&t=380s,method,Coaching communication,"A useful coaching question should show what the student has tried and isolate a specific obstacle, so the coach can answer the actual problem rather than first discovering it.",high,low,False
P4-070,C09_compositions,C04_splits;C05_setup;C06_bait;C10_objective,2025-08-10,vu4KmVKp2f0,00:00:35,https://www.youtube.com/watch?v=vu4KmVKp2f0&t=35s,framework,2025 tournament matchups,"Symmetra teleport can enable a direct brawl, an angle or angle clear, or a larger rotation; the defense must identify and reduce the valuable options before activation.",high,high,False
P4-071,C09_compositions,C05_setup;C06_bait,2025-08-10,vu4KmVKp2f0,00:02:05,https://www.youtube.com/watch?v=vu4KmVKp2f0&t=125s,case_judgment,Crazy Raccoon versus Twisted Minds,Trying merely to survive a well-positioned teleport can already concede the fight's space and initiative; contest its setup or force a poorer teleport earlier.,high,high,False
P4-072,C09_compositions,C10_objective,2025-08-10,vu4KmVKp2f0,00:06:30,https://www.youtube.com/watch?v=vu4KmVKp2f0&t=390s,mechanism,Ball–Venture–Freja versus Symmetra example,A counter composition must repeatedly deny or punish teleports across cooldown cycles; a dive that can only contest the first TP and then needs lengthy restaging may lose the continuing map fight.,high,high,False
P4-073,C12_dps,C07_windows;C09_compositions;C13_support,2025-09-04,aNBstKtsPms,00:02:40,https://www.youtube.com/watch?v=aNBstKtsPms&t=160s,case_judgment,Reaction to another coach's Sojourn review,"If a team chooses an early fight, the hitscan should already have an effective angle before the enemy engage reaches his preferred spot, rather than entering late beside the tank.",medium,high,False
P4-074,C12_dps,C03_geometry;C13_support,2025-09-04,aNBstKtsPms,00:04:55,https://www.youtube.com/watch?v=aNBstKtsPms&t=295s,qualified_rule,Sojourn versus dive example,Avoiding death by hiding too far away can make a hitscan unable to contest space; a useful retreat path should preserve a safe angle and future contribution.,medium,high,False
P4-075,C03_geometry,C02_information;C05_setup;C11_tank;C12_dps,2025-09-10,ln2t2rl1KYw,00:01:20,https://www.youtube.com/watch?v=ln2t2rl1KYw&t=80s,definition,Boxing analogy applied to Overwatch staging,"He calls the opponent's effective reach the pocket: before entering it, a team should know what it will threaten, what can hit back, and how it will mitigate that response.",high,medium,False
P4-076,C03_geometry,C02_information;C05_setup;C06_bait;C12_dps,2025-09-10,ln2t2rl1KYw,00:10:20,https://www.youtube.com/watch?v=ln2t2rl1KYw&t=620s,conditional_rule,Specific team review,"Scouting and a forced enemy cooldown can justify entering the pocket with a planned response, while an unscouted five-person walk-in may spend resources before achieving useful positioning.",high,high,False
P4-077,C16_design,,2025-09-23,2X_yEWyNms0,00:01:45,https://www.youtube.com/watch?v=2X_yEWyNms0&t=105s,design_opinion,"2025 patch commentary, not an observed strategic law","He argues balance decisions should consider role-wide alternatives and composition effects, since nerfing one high-performing hero may miss why a whole role category dominates.",high,low,False
P4-078,C12_dps,C14_execution;C15_learning,2025-11-15,LSrm0ocaS1Q,00:01:05,https://www.youtube.com/watch?v=LSrm0ocaS1Q&t=65s,framework,His theory-versus-raw-aim interpretation,He distinguishes anticipatory aim based on movement patterns from relying mainly on raw cursor correction; he presents anticipation as a more teachable route to consistent high-level hitscan duels.,medium,high,False
P4-079,C12_dps,C14_execution;C15_learning,2025-11-15,LSrm0ocaS1Q,00:08:00,https://www.youtube.com/watch?v=LSrm0ocaS1Q&t=480s,conditional_rule,Long-range Cassidy duel example,"In a duel, cutting off an ongoing strafe and waiting for a likely return strafe are alternative shot plans; overusing the wait can give a dangerous opponent free shots.",high,high,False
P4-080,C09_compositions,,2025-12-08,sqtmsbHxrLE,00:03:35,https://www.youtube.com/watch?v=sqtmsbHxrLE&t=215s,qualified_thesis,Late 2025 tournament retrospective,"He disputes the inference that a tournament-winning Symmetra lineup must be universally best; a match is a snapshot of team preparation, skill, and specific composition choices.",high,medium,False
P4-081,C07_windows,C01_turns;C06_bait,2025-11-06,AcAxvnAEYpg,00:12:00,https://www.youtube.com/watch?v=AcAxvnAEYpg&t=720s,conditional_rule,D.Va flight example in team review,"A small opponent cooldown window may warrant taking an angle or some map space, not an all-in team engage; choosing who can use the window is as important as noticing it.",high,high,False
P4-082,C07_windows,C01_turns;C13_support,2025-12-11,Y4ORvoqZ1P0,00:03:50,https://www.youtube.com/watch?v=Y4ORvoqZ1P0&t=230s,case_judgment,Specific late 2025 dive/teleport example,A frontline window can be exploited by distant backline support without the support stepping into engage range; misreading whose turn it is can sacrifice a favorable fight.,medium,high,False
P4-083,C12_dps,C05_setup,2025-12-19,M8393UkZxjY,00:14:00,https://www.youtube.com/watch?v=M8393UkZxjY&t=840s,conditional_rule,Echo/Genji review against teleport composition,Taking an obvious high-value flank too early allows opponents to clear it; delaying that position until a fight begins can make the same angle harder to deny.,medium,high,False
P4-084,C12_dps,C02_information;C05_setup,2025-12-21,jSCHyAWoUjc,00:04:45,https://www.youtube.com/watch?v=jSCHyAWoUjc&t=285s,conditional_rule,Vendetta example; also references Echo play,"A burst DPS can start flexibly for scouting and route choice, then move quickly to the valuable flank after enemy movement reveals the fight, avoiding an early clear or bypass.",high,high,False
P4-085,C12_dps,C05_setup;C06_bait;C07_windows,2025-12-21,jSCHyAWoUjc,00:03:10,https://www.youtube.com/watch?v=jSCHyAWoUjc&t=190s,conditional_rule,Vendetta neutral discussion,"If opponents repeatedly space a threatened engage, taking the conceded space and delaying the engage can be better than forcing it; shooting the tank with teammates remains an option when angles are unnecessary.",high,medium,False
P4-086,C08_ultimates,C01_turns;C07_windows;C10_objective;C13_support,2025-12-14,t1dnez3yuZ4,00:08:30,https://www.youtube.com/watch?v=t1dnez3yuZ4&t=510s,case_judgment,Specific Lucio Beat and Graviton sequence,A team that plans to answer the opponent's ultimate with a nearly charged defensive ultimate may need to farm the final charge before committing its own entry.,medium,high,False
P4-087,C02_information,C12_dps,2025-09-15,TOaKp3Z44ho,00:00:35,https://www.youtube.com/watch?v=TOaKp3Z44ho&t=35s,case_judgment,Entertainment-heavy live commentary,"In a Ball–Tracer–Sombra matchup, losing track of the enemy backline rotation while attending to another threat can let that group pass a defensive hold for free.",low,high,False
P4-088,C15_learning,C14_execution,2026-01-21,FjoWkH6Sl1k,00:11:15,https://www.youtube.com/watch?v=FjoWkH6Sl1k&t=675s,method,Tier-two live review,"He separates a sensible split and setup from the later execution errors that lost an example fight, resisting a wholesale rejection of the initial plan after the result.",medium,high,False
P4-089,C12_dps,,2026-04-16,mXrTyliwJTI,00:00:00,https://www.youtube.com/watch?v=mXrTyliwJTI&t=0s,case_judgment,One-minute reaction clip,"A hitscan can delay a shot and stay concealed to retain surprise until a better follow-up appears, rather than firing at the first visible target.",low,high,False
P4-090,C15_learning,C14_execution,2026-04-17,AtmKIdmLLQ8,00:08:15,https://www.youtube.com/watch?v=AtmKIdmLLQ8&t=495s,method,Roster selection commentary,"A roster or draft decision should be evaluated using information available before the match, rather than its observed outcome alone.",high,low,False
P4-091,C04_splits,C09_compositions,2026-04-27,ijlmDdVIdtk,00:01:10,https://www.youtube.com/watch?v=ijlmDdVIdtk&t=70s,framework,2026 team-composition analysis,"He frames a contemporary Winston double-flex composition as multiple splits balancing attention: the pressured split yields, the others press, and high-level fights may repeat this exchange over several turns.",high,high,False
P4-092,C06_bait,C01_turns;C05_setup,2026-04-27,ijlmDdVIdtk,00:12:50,https://www.youtube.com/watch?v=ijlmDdVIdtk&t=770s,case_judgment,Dallas Fuel–SSG review,"Offering a punishable teammate can steer an opponent's decision but may cost a death; teams can adapt by declining the bait and conceding some space, with different subsequent risks.",medium,high,False
P4-093,C12_dps,C14_execution;C15_learning,2026-06-08,prUv2eNrGD0,00:17:00,https://www.youtube.com/watch?v=prUv2eNrGD0&t=1020s,observational_pattern,Five selected players from Diamond to pro,"Across a small matched-map Sojourn sample, he observes progression in pre-fight poke, changing angles, scouting rotations, farming rail, and looking quickly for picks; the comparison is illustrative, not a controlled rank study.",high,high,False
P4-094,C12_dps,C14_execution;C15_learning,2026-06-08,prUv2eNrGD0,00:24:20,https://www.youtube.com/watch?v=prUv2eNrGD0&t=1460s,observational_pattern,Sojourn pro interview; narrator interpretation plus guest report,The pro player describes farming rail from the tank and quickly scanning for exposed targets; the narrator highlights the speed of that transition as a higher-level distinction.,medium,high,False
P4-095,C06_bait,C01_turns;C05_setup;C09_compositions;C11_tank,2026-09-05,N5fHwbNE-SQ,00:04:05,https://www.youtube.com/watch?v=N5fHwbNE-SQ&t=245s,conditional_rule,Cjay interview; speaker attribution needs audio check,"In a slow defensive style, the front line must actively delay an enemy walk-up while the backline keeps useful angles; standing very far back without contesting the path is insufficient.",low,high,False
P4-096,C14_execution,C12_dps;C15_learning,2026-01-02,iLX7uqsC1jE,00:12:30,https://www.youtube.com/watch?v=iLX7uqsC1jE&t=750s,qualified_thesis,"Q&A; illustrative estimate, not a measured 5% effect","He cautions that mechanical differences and missed shots can decide otherwise sound fight plans, especially when a close match has small margins.",high,low,False
P4-097,C15_learning,C14_execution,2026-01-02,iLX7uqsC1jE,00:18:30,https://www.youtube.com/watch?v=iLX7uqsC1jE&t=1110s,method,Q&A advice,"For a player unsure of their job, he advises writing a short list of possible duties and practicing one or two at a time to preserve awareness and flexibility.",high,low,False
P4-098,C15_learning,C14_execution,2026-01-02,iLX7uqsC1jE,00:19:40,https://www.youtube.com/watch?v=iLX7uqsC1jE&t=1180s,method,Q&A response to player frustration,"Knowing a principle in theory is different from executing it; repeated practice of small, specific actions is needed to close that gap.",high,low,False
P4-099,C16_design,,2026-02-08,x2jNJeKiMUU,00:16:25,https://www.youtube.com/watch?v=x2jNJeKiMUU&t=985s,design_opinion,Speculative first impression of announced hero kit,"In a pre-release hero reaction, he worries that complete invulnerability on a flanker could remove too much opponent counterplay, while also valuing a flanker able to poke and later threaten the backline.",medium,high,False
P4-100,C01_turns,C08_ultimates;C10_objective,2023-11-28,c92ESPjlveI,00:13:30,https://www.youtube.com/watch?v=c92ESPjlveI&t=810s,conditional_rule,Late midfight brawl example,"After gaining a brawl advantage, a slow push can preserve movement and defensive cooldowns while taking angles, so the team can bait an opponent's third or fourth turn without losing a trade.",high,high,False
P4-101,C04_splits,C03_geometry;C09_compositions;C12_dps,2023-10-27,JM50b3IU6-c,00:03:10,https://www.youtube.com/watch?v=JM50b3IU6-c&t=190s,conditional_rule,2023 split composition and named hero examples,"A solo off angle benefits from mobility to find new sight lines and escape, burst to threaten immediately on a peek, and sustain or a health pack to resist being marked.",high,medium,False
P4-102,C04_splits,C09_compositions,2023-10-27,JM50b3IU6-c,00:04:30,https://www.youtube.com/watch?v=JM50b3IU6-c&t=270s,mechanism,Split composition; patient setup,"The tank core can occupy, threaten objective, and punish pursuit of the off angle while allowing the weaker off angle to create initial value before it commits its own resources.",high,high,False
P4-103,C03_geometry,C02_information;C11_tank;C12_dps,2023-10-27,JM50b3IU6-c,00:07:00,https://www.youtube.com/watch?v=JM50b3IU6-c&t=420s,definition,Close-map rush matchup; zone sizes approximate,"His 'red zone' is the opponent's immediate engage reach and the preceding 'yellow zone' requires caution; an off-angle player should react before that zone reaches them, using sound and scouting rather than waiting for visual confirmation.",high,high,False
P4-104,C04_splits,,2023-10-27,JM50b3IU6-c,00:10:10,https://www.youtube.com/watch?v=JM50b3IU6-c&t=610s,conditional_rule,Toronto–Washington 4–1 to 3–2 example,A split must remain close enough for the untouched core to punish an enemy push on the other; separating so far that this counterpressure arrives late defeats the setup.,high,high,False
P4-105,C04_splits,C10_objective,2023-10-27,JM50b3IU6-c,00:13:20,https://www.youtube.com/watch?v=JM50b3IU6-c&t=800s,conditional_rule,Flashpoint retake illustration,"After losing a fight, a split composition should restage its two angles rather than retake as a five-player stack; the more vulnerable off angle may need to set first.",high,high,False
P4-106,C04_splits,,2023-10-27,JM50b3IU6-c,00:15:25,https://www.youtube.com/watch?v=JM50b3IU6-c&t=925s,framework,"Non-mirror counterplay, 2023 example","Against a split composition, decide which core is beatable and how to occupy the other long enough to attack it; a simple five-player rush at one core can be punished from the second angle.",high,high,False
P4-107,C04_splits,,2023-10-27,JM50b3IU6-c,00:21:00,https://www.youtube.com/watch?v=JM50b3IU6-c&t=1260s,conditional_rule,Second Toronto–Washington fight and mirror discussion,A split can call which group must retreat and which can advance based on where the opponent commits; communicating enemy counts helps the distant core respond before it can see the threat itself.,high,high,False
P4-108,C03_geometry,C13_support,2024-11-11,z9n-JNB52rk,00:03:24,https://www.youtube.com/watch?v=z9n-JNB52rk&t=204s,conditional_rule,Corner and tank–backline reach examples,A backline needs a position that can threaten an advancing tank while remaining hard for that tank to reach; excessive safety can remove the pressure that makes the position useful.,high,high,False
P4-109,C01_turns,C06_bait;C11_tank,2024-11-11,z9n-JNB52rk,00:10:06,https://www.youtube.com/watch?v=z9n-JNB52rk&t=606s,distinction,"Corner neutral example, 2024",Going first may mean using cooldowns to force a response without walking into the opponent's reach; a team can spend first and still plan to withdraw or punish the reply.,high,high,False
P4-110,C03_geometry,,2024-11-11,z9n-JNB52rk,00:12:15,https://www.youtube.com/watch?v=z9n-JNB52rk&t=735s,case_judgment,Specific corner geometry; not a universal stalemate rule,"When both teams are held at a corner with little safe room to yield, the neutral can persist until a matchup, cooldown, angle, or other advantage changes the interaction.",medium,high,False
P4-111,C12_dps,,2024-11-14,pMPwEwNEiQA,00:03:02,https://www.youtube.com/watch?v=pMPwEwNEiQA&t=182s,conditional_rule,Genji replay review,"A Genji taking enemy attention should plan an exit and an ally position to return to, preserving or sequencing wall climb, Deflect, and dash around that route.",high,high,False
P4-112,C12_dps,C08_ultimates,2024-11-14,pMPwEwNEiQA,00:11:36,https://www.youtube.com/watch?v=pMPwEwNEiQA&t=696s,conditional_rule,Specific blade decision in match review,A blade attempt becomes more favorable when opposing vulnerable players move into reachable range; using it solely because it is available can surrender the safer neutral pressure Genji already has.,medium,high,False
P4-113,C12_dps,,2024-11-14,pMPwEwNEiQA,00:13:43,https://www.youtube.com/watch?v=pMPwEwNEiQA&t=823s,conditional_rule,Specific support walk-up and Genji escape timing,"A Genji on an angle should leave as enemy supports walk up into a punish setup, before the ultimate animation or damage makes the danger unmistakable.",high,high,False
P4-114,C11_tank,C05_setup;C07_windows,2024-12-16,p609brPyPzg,00:05:03,https://www.youtube.com/watch?v=p609brPyPzg&t=303s,conditional_rule,Early Hazard guide in 2024 matchup,"Hazard should reserve his movement engage for a vulnerable squishy who has moved beyond safety, rather than spend it on a tank who may be baiting; approaching can itself clear space.",medium,high,False
P4-115,C11_tank,C03_geometry;C05_setup;C12_dps,2024-12-16,p609brPyPzg,00:07:35,https://www.youtube.com/watch?v=p609brPyPzg&t=455s,conditional_rule,Map-specific ledge and high-ground examples,"A Hazard staging near a likely backline rotation wants a position that is hard to scout or clear before the rotation, while close enough to punish the crossing.",high,high,False
P4-116,C11_tank,C06_bait,2024-12-16,p609brPyPzg,00:13:41,https://www.youtube.com/watch?v=p609brPyPzg&t=821s,conditional_rule,Sojourn bait examples; team has escape and sustain,"Against a staged Hazard, a visible damage threat can bait his jump; if the target survives, teammates can move past his position and punish him later or pressure the backline.",high,high,False
P4-117,C09_compositions,C06_bait;C08_ultimates;C13_support,2024-12-08,QvMsOy1wFr4,00:00:01,https://www.youtube.com/watch?v=QvMsOy1wFr4&t=1s,framework,NRG versus Mauga composition in 2024,"He evaluates a composition matchup separately in neutral and ultimate fights: the Sombra–Queen team seeks a slow, baiting neutral that preserves its fragile damage dealers and farms toward powerful ultimates.",high,high,False
P4-118,C01_turns,C06_bait;C07_windows,2024-12-08,QvMsOy1wFr4,00:03:32,https://www.youtube.com/watch?v=QvMsOy1wFr4&t=212s,conditional_rule,Mauga versus Sombra–Queen neutral; ult availability matters,"An engaging composition can use an early turn to force major cooldowns and space, briefly reset, then use a later third or fifth turn to finish once the opponent has fewer answers.",high,high,False
P4-119,C05_setup,C09_compositions,2024-12-08,QvMsOy1wFr4,00:13:22,https://www.youtube.com/watch?v=QvMsOy1wFr4&t=802s,mechanism,NRG Midtown example; engagement role shifts with ultimates,An engaging team can stage its durable threats where clearing them exposes the opponent to the engage; a defender may need to clear together along another route.,high,high,False
P4-120,C09_compositions,C06_bait,2024-12-08,QvMsOy1wFr4,00:16:43,https://www.youtube.com/watch?v=QvMsOy1wFr4&t=1003s,conditional_rule,NRG Queen–Venture–Genji versus Toronto Zarya composition,"Against a backline that baits an engage and a frontline that blocks access, the rush can first pressure the frontline and force protective cooldowns; that either exposes the frontline or brings the backline close enough to reach.",high,high,False
P4-121,C08_ultimates,C10_objective;C13_support,2024-12-08,QvMsOy1wFr4,00:23:15,https://www.youtube.com/watch?v=QvMsOy1wFr4&t=1395s,case_judgment,NRG–Toronto examples; specific ult deficit,"On retake into Graviton, staying off the contested corner can create room to bait or answer the ultimate; grouping on the corner removes the escape and trade options even after a sound neutral.",high,high,False
P4-122,C12_dps,C08_ultimates,2024-12-04,STbH6hH8emk,00:11:23,https://www.youtube.com/watch?v=STbH6hH8emk&t=683s,conditional_rule,Reaper copies in Mauga–Echo mirror,"After an early Echo copy, check whether opponents can turn and burst it; if they can, fall back to a longer frontline fight, while a committed opposing frontline may permit a backline reach.",high,high,False
P4-123,C13_support,,2024-12-02,XhcF5IzJDq4,00:08:55,https://www.youtube.com/watch?v=XhcF5IzJDq4&t=535s,conditional_rule,2024 Mauga–Brigitte examples,"In this Brigitte brawl meta, time spent close to one's own frontline raises the risk of being caught by the next fast engage; cycle out after a trigger rather than remain for another whip or heal attempt.",high,high,False
P4-124,C13_support,,2024-12-02,XhcF5IzJDq4,00:15:14,https://www.youtube.com/watch?v=XhcF5IzJDq4&t=914s,case_judgment,Specific five-versus-four brawl example,"After gaining a pick, a Brigitte may preserve the advantage by staying difficult to trade, rather than moving up merely because the team is ahead.",high,high,False
P4-125,C06_bait,C03_geometry;C05_setup;C09_compositions;C12_dps,2024-11-23,K6Ayz-NHVe4,00:12:53,https://www.youtube.com/watch?v=K6Ayz-NHVe4&t=773s,conditional_rule,Falcons–Nightmare Mauga composition examples,"Against a bait setup, clear or poke the players taking attention before chasing the distant backline; this can force movement cooldowns and remove their ability to keep baiting.",high,high,False
P4-126,C06_bait,C13_support,2024-11-23,K6Ayz-NHVe4,00:16:46,https://www.youtube.com/watch?v=K6Ayz-NHVe4&t=1006s,conditional_rule,Falcons–Nightmare example,"After gaining a pick while pressing a bait setup, durable threats can advance while vulnerable backliners keep their offset positions, preserving answers to a counter-engage.",high,high,False
P4-127,C11_tank,,2024-11-20,V-Y0hBOI1yY,00:06:14,https://www.youtube.com/watch?v=V-Y0hBOI1yY&t=374s,conditional_rule,2024 Mauga mirror and then-current kit,"In a Mauga mirror, reload behind a corner before committing to the midfight, even at the cost of some poke damage, because running out of ammunition also removes sustain during the exchange.",high,medium,False
P4-128,C11_tank,C08_ultimates,2024-11-20,V-Y0hBOI1yY,00:12:23,https://www.youtube.com/watch?v=V-Y0hBOI1yY&t=743s,conditional_rule,2024 Mauga brawl examples,Cage placement should fit the follow-up ultimate and avoid sacrificing armor to catch more targets; the best enclosure for a Reaper follow-up can differ from one supporting a copy or a rally.,high,high,False
P4-129,C12_dps,C14_execution,2024-11-19,nddeTxFzT6Q,00:02:48,https://www.youtube.com/watch?v=nddeTxFzT6Q&t=168s,method,Hitscan aiming illustration; no measured rank comparison,"Against predictable tank movement, he recommends keeping the crosshair at head level and using one's own strafe to align shots, instead of relying on repeated large mouse corrections.",medium,high,False
P4-130,C12_dps,C03_geometry;C13_support,2024-11-19,nddeTxFzT6Q,00:05:44,https://www.youtube.com/watch?v=nddeTxFzT6Q&t=344s,distinction,Corner and Orisa examples,A hitscan staying hard to reach must still deal enough damage to relieve frontline pressure; hiding safely without threatening the enemy defeats the role's purpose.,medium,high,False
P4-131,C12_dps,C13_support,2024-11-19,nddeTxFzT6Q,00:12:08,https://www.youtube.com/watch?v=nddeTxFzT6Q&t=728s,conditional_rule,Specific Sojourn examples; tank or Brigitte may be the temporary cover,"A hitscan can keep firing through a long fight from an offset position, but should withdraw as soon as the frontline protection is cleared or enemy movement signals a reach, before taking damage.",medium,high,False
P4-132,C02_information,C05_setup,2025-07-02,E1bYy6OE_OQ,00:05:21,https://www.youtube.com/watch?v=E1bYy6OE_OQ&t=321s,conditional_rule,GK–Liquid examples; avoid dying during forward scouting,"Between fights, seek safe sight of likely enemy setup locations before withdrawing to the real defensive position; an unseen attacker can finish staging while the team has no timely response.",high,high,False
P4-133,C05_setup,C03_geometry;C11_tank,2025-06-12,LpxT2dykNK0,00:03:39,https://www.youtube.com/watch?v=LpxT2dykNK0&t=219s,conditional_rule,Two 2025 match examples; depends on which setup is becoming strong,"When an engaging team takes space toward a strong setup, the defending team has a short window to contest that setup with its cooldowns or an ultimate; yielding continuously can make the later engage difficult to answer.",high,high,False
P4-134,C05_setup,C08_ultimates;C11_tank;C13_support,2025-04-30,MYW1ztAeDQc,00:12:41,https://www.youtube.com/watch?v=MYW1ztAeDQc&t=761s,conditional_rule,Defending a retake in a large ultimate fight,"If attackers' DPS angles and Winston's forward position are about to make a dive strong, a defender can spend an ultimate proactively to clear the setup, rather than save it for surviving the completed dive.",high,high,False
P4-135,C05_setup,C02_information;C14_execution,2025-08-31,1UNctVbRS3M,00:08:40,https://www.youtube.com/watch?v=1UNctVbRS3M&t=520s,mechanism,Ball–Genji low-damage dive example,"When the opponent withdraws to reload or recover, the same moment can let a dive player disappear from sight and take a new route before the next exchange.",high,high,False
P4-136,C05_setup,C07_windows;C12_dps;C14_execution,2025-08-31,1UNctVbRS3M,00:11:44,https://www.youtube.com/watch?v=1UNctVbRS3M&t=704s,conditional_rule,Diving team with one player pressured on an angle,"If an enemy clearing a flank cannot quickly turn onto the rest of the team, the flanker can call for teammates to act; if the clearer can immediately turn onto them, the team should often wait and restage.",high,high,False
P4-137,C05_setup,C07_windows,2025-08-31,1UNctVbRS3M,00:15:00,https://www.youtube.com/watch?v=1UNctVbRS3M&t=900s,conditional_rule,Ball–Genji spawn defense versus defensive ultimates,An early soft dive can force cooldowns and reveal a rotation without a wide hard pinch; the degree of split and commitment should match whether the team actually intends to finish the fight.,high,high,False
P4-138,C05_setup,,2025-08-31,1UNctVbRS3M,00:17:49,https://www.youtube.com/watch?v=1UNctVbRS3M&t=1069s,conditional_rule,Low-damage Ball–Genji composition against Ramattra,"Against a tank who can stuff the direct route, bait the tank toward a less valuable path and move around during the opening; a fast composition need not hard commit on its first engage.",high,high,False
P4-139,C05_setup,C07_windows;C11_tank,2025-08-31,1UNctVbRS3M,00:20:55,https://www.youtube.com/watch?v=1UNctVbRS3M&t=1255s,mechanism,Ball–Genji defense against D.Va,"A dive team can actively create its trigger by pressuring an opposing tank until it withdraws to recover, while denying the enemy damage dealers their setup; the tank's retreat then opens a coordinated backline dive.",high,high,False
P4-140,C12_dps,,2025-12-21,jSCHyAWoUjc,00:01:34,https://www.youtube.com/watch?v=jSCHyAWoUjc&t=94s,conditional_rule,Vendetta review; early flank and cooldown bait,"An initiating flex DPS should leave or defend when multiple opponents turn to look at them, instead of waiting for low health; drawing attention without taking the resulting damage can already create value.",high,high,False
P4-141,C12_dps,C03_geometry;C05_setup,2025-12-21,jSCHyAWoUjc,00:10:04,https://www.youtube.com/watch?v=jSCHyAWoUjc&t=604s,conditional_rule,Vendetta defense with pre-fight time,"A DPS can poke from a powerful forward position between fights, then leave before the opponent reaches a clearing position; a flexible second position permits scouting and later re-entry.",high,high,False
P4-142,C12_dps,C05_setup;C06_bait;C07_windows,2025-12-21,jSCHyAWoUjc,00:12:38,https://www.youtube.com/watch?v=jSCHyAWoUjc&t=758s,conditional_rule,"Vendetta against Sojourn slide, then ultimate threat","When an opponent is baiting an engage, retaining the movement cooldown while walking or threatening can force their escape first, allowing the later engage to punish that spent resource.",high,high,False
P4-143,C04_splits,C01_turns;C09_compositions;C10_objective,2025-12-19,M8393UkZxjY,00:05:57,https://www.youtube.com/watch?v=M8393UkZxjY&t=357s,conditional_rule,Team Liquid–Falcons review; Ramattra/Sojourn/Genji example,"In a retake, assigning the right heroes to each split is insufficient if both groups show early and can be marked together; establish or occupy space first, then split where the opponent cannot readily control both groups.",medium,high,False
P4-144,C04_splits,C09_compositions,2025-12-19,M8393UkZxjY,00:09:59,https://www.youtube.com/watch?v=M8393UkZxjY&t=599s,mechanism,Same 2025 retake; composition and ult state matter,A split should decide which group takes attention first and give it enough resources; exposing both groups at once can leave both under pressure without a useful counterattack.,medium,high,False
P4-145,C05_setup,C04_splits;C09_compositions;C11_tank;C12_dps,2025-12-19,M8393UkZxjY,00:18:59,https://www.youtube.com/watch?v=M8393UkZxjY&t=1139s,case_judgment,Liquid–Falcons watch-party example,"Before a nano dive, supports may need to help a DPS establish a useful angle so the damage line can join the tank's entry; a solo tank dive with teammates blocked from sight yields little follow-up.",medium,high,False
P4-146,C05_setup,C04_splits;C09_compositions,2025-12-19,M8393UkZxjY,00:22:39,https://www.youtube.com/watch?v=M8393UkZxjY&t=1359s,case_judgment,Liquid–Falcons watch-party summary,"He diagnoses the reviewed team's dive as too easy to mark: opponents can pressure the tank, damage dealers, and supports at once because no group establishes a protected angle or distracts for the others.",medium,high,False
P4-147,C08_ultimates,C01_turns;C07_windows,2025-12-14,t1dnez3yuZ4,00:02:10,https://www.youtube.com/watch?v=t1dnez3yuZ4&t=130s,case_judgment,SSG–Crazy Raccoon watch party,"In an ultimate fight, layering defensive resources in response to separate threats can preserve an ultimate for the chase or next turn; spending Rush, Beat, and Bob together on the same kite may waste options.",medium,high,False
P4-148,C12_dps,C03_geometry;C09_compositions,2025-12-11,Y4ORvoqZ1P0,00:07:02,https://www.youtube.com/watch?v=Y4ORvoqZ1P0&t=422s,conditional_rule,Specific 2025 hero matchup,A Freya facing a Symmetra teleport rush must stage near a route back to support and keep her escape available; a poke angle inside teleport reach is punishable even if the first attack misses.,high,high,False
P4-149,C09_compositions,,2025-12-08,sqtmsbHxrLE,00:00:01,https://www.youtube.com/watch?v=sqtmsbHxrLE&t=1s,distinction,Ban-era tournament commentary; regional examples are anecdotal,"Scrim bans can serve long-term matchup practice, while imminent tournament preparation should rehearse bans and map picks that maximize the chance of winning the actual match.",high,low,False
P4-150,C14_execution,C15_learning,2025-12-08,sqtmsbHxrLE,00:11:14,https://www.youtube.com/watch?v=sqtmsbHxrLE&t=674s,framework,Winston–Lucio boop example and coaching reflection,Knowing a matchup interaction in review does not ensure it is executed under match pressure; the speaker describes both freezing after an advantage and rushing forward impulsively as ways attention can fail.,high,medium,False
P4-151,C12_dps,C14_execution,2025-11-15,LSrm0ocaS1Q,00:03:02,https://www.youtube.com/watch?v=LSrm0ocaS1Q&t=182s,method,Specific hitscan POV; speaker states player intention is a guess,"He analyzes aiming as predicting a target's likely strafe change after they notice a threat, sometimes waiting with the crosshair ahead of that movement rather than chasing every step.",high,high,False
P4-152,C12_dps,C14_execution,2025-11-15,LSrm0ocaS1Q,00:13:50,https://www.youtube.com/watch?v=LSrm0ocaS1Q&t=830s,conditional_rule,Hitscan clip analysis,"After landing a shot, briefly holding a well-placed crosshair can catch a target's return strafe; the choice to follow or cut off depends on the observed short or long strafe pattern.",high,high,False
P4-153,C10_objective,C03_geometry;C09_compositions,2025-11-06,AcAxvnAEYpg,00:00:01,https://www.youtube.com/watch?v=AcAxvnAEYpg&t=1s,conditional_rule,SSG–Liquid Ball defense on Ilios,"Against an early dive hit, a retaking group can choose a route where the hit has little backline follow-up, survive it, and only then advance to objective with useful angles.",high,high,False
P4-154,C10_objective,,2025-11-06,AcAxvnAEYpg,00:03:04,https://www.youtube.com/watch?v=AcAxvnAEYpg&t=184s,conditional_rule,Specific point and composition; objective clock permits waiting,"If a defending group is strong inside a room but must eventually leave to touch objective, a dive team can threaten the exit instead of forcing a weak entry into the room.",high,high,False
P4-155,C07_windows,C01_turns;C13_support,2025-11-06,AcAxvnAEYpg,00:06:02,https://www.youtube.com/watch?v=AcAxvnAEYpg&t=362s,conditional_rule,SSG–Liquid retake and Lucio examples,"A frontline's first move does not automatically authorize the backline to follow; supports and damage dealers may need to keep their safer angle until distance, cooldowns, and space permit their own turn.",high,high,False
P4-156,C14_execution,C02_information;C15_learning,2025-11-03,1OvQ5PAK0w0,00:05:26,https://www.youtube.com/watch?v=1OvQ5PAK0w0&t=326s,method,2025 pro review; mental state inference,"A lull or reset in a fight is a chance to stop focusing on the prior target, reassess ultimates and the next objective touch, and protect attention for the next threat; noticing the correct plan only in hindsight is insufficient.",high,medium,False
P4-157,C14_execution,C02_information;C11_tank;C15_learning,2025-11-03,1OvQ5PAK0w0,00:11:31,https://www.youtube.com/watch?v=1OvQ5PAK0w0&t=691s,conditional_rule,Specific Zarya point contest,"A tank reloading behind cover can use the moment to check whether the backline is occupied by a flanker before committing forward, rather than assuming teammates' calls will provide all relevant information.",high,high,False
P4-158,C08_ultimates,C07_windows;C10_objective;C13_support,2025-11-03,1OvQ5PAK0w0,00:14:33,https://www.youtube.com/watch?v=1OvQ5PAK0w0&t=873s,case_judgment,Nightmare match example; objective time available,"If two useful ultimates are nearly charged, the team can delay stepping onto point long enough to farm them while addressing a known flank; an early point walk can lose control of the fight before the planned tools arrive.",high,high,False
P4-159,C16_design,C09_compositions,2025-09-23,2X_yEWyNms0,00:03:32,https://www.youtube.com/watch?v=2X_yEWyNms0&t=212s,design_opinion,"Opinion on a specific 2025 patch, not empirical balance ranking","His balance philosophy favors keeping broad play styles such as hitscan and ground tank viable so players have adjacent hero options, while situational heroes should remain situational rather than dominate every map.",high,low,False
P4-160,C16_design,,2025-09-23,2X_yEWyNms0,00:06:30,https://www.youtube.com/watch?v=2X_yEWyNms0&t=390s,design_opinion,His proposed balance sequence; not a tested intervention,"He proposes strengthening a weak role first, tuning overperforming members within it, and revisiting older heroes whose tools no longer serve their intended 5v5 interactions.",high,low,False
P4-161,C10_objective,,2025-09-15,TOaKp3Z44ho,00:12:26,https://www.youtube.com/watch?v=TOaKp3Z44ho&t=746s,conditional_rule,Specific Lijiang retake; tank shows elsewhere,"If a retake requires control of a side of the map, send enough of the team along that route to establish it; a small unsupported DPS–Lucio split can be cleared before it creates useful pressure.",high,high,False
P4-162,C03_geometry,,2025-09-10,ln2t2rl1KYw,00:03:56,https://www.youtube.com/watch?v=ln2t2rl1KYw&t=236s,definition,Specific Flashpoint retake examples; boundary varies by map and setup,He calls the region where an opponent can initiate an effective hit the 'pocket'; entering it before the team has chosen its route and is ready to fight can force valuable cooldowns merely to survive.,high,high,False
P4-163,C03_geometry,,2025-09-10,ln2t2rl1KYw,00:07:01,https://www.youtube.com/watch?v=ln2t2rl1KYw&t=421s,conditional_rule,2025 low-range compositions; examples include baiting the first hit,"Path and scout outside the opponent's effective engage range, then cross it together when the team can use its cooldowns for space or a fight rather than losing them during an unplanned walk-up.",high,high,False
P4-164,C07_windows,C09_compositions,2025-09-10,ln2t2rl1KYw,00:17:39,https://www.youtube.com/watch?v=ln2t2rl1KYw&t=1059s,conditional_rule,Specific Flashpoint fights and coaching analogy,"A Genji or Lucio should enter a dangerous objective or side-lane fight when a touch, follow-up, or chosen map-control goal calls for it; a teammate fighting there does not alone make immediate participation valuable.",high,high,False
P4-165,C10_objective,C09_compositions,2025-09-04,aNBstKtsPms,00:06:58,https://www.youtube.com/watch?v=aNBstKtsPms&t=418s,conditional_rule,Reaction to another coach's review; Orisa–Sojourn example,"A planned early fight should retain a practical retreat route; if an ally is forced out, an enemy flank arrives, or the timing is missed, the team can call a withdrawal without being trapped by its initial plan.",high,medium,False
P4-166,C12_dps,C04_splits;C06_bait;C13_support,2025-09-04,aNBstKtsPms,00:10:50,https://www.youtube.com/watch?v=aNBstKtsPms&t=650s,mechanism,Capitology interpreting a guest's Doom–Widow review,"A vulnerable long-range DPS can sometimes play a threatening but expensive-to-kill position: if opponents devote large resources to reach her, teammates gain space to punish elsewhere.",medium,high,False
P4-167,C09_compositions,C05_setup;C10_objective,2025-08-10,vu4KmVKp2f0,00:03:24,https://www.youtube.com/watch?v=vu4KmVKp2f0&t=204s,conditional_rule,Falcons and Crazy Raccoon examples; composition may affect ability to contest,"Against a Symmetra teleport composition, pressure the staging route before a strong teleport becomes possible, then be ready to fight an adequate teleport promptly before its new map position yields more value.",high,high,False
P4-168,C15_learning,,2025-07-14,x5ej22cA7G0,00:08:28,https://www.youtube.com/watch?v=x5ej22cA7G0&t=508s,method,2025 reflection on coaching and student effort,"A learner seeking coaching should first study a concrete replay moment, state their tentative reading, and ask a short specific question about the decision rather than outsource an entire vague problem.",high,low,False
P4-169,C12_dps,C04_splits;C07_windows;C14_execution,2025-07-11,xabIcyolpJA,00:05:56,https://www.youtube.com/watch?v=xabIcyolpJA&t=356s,conditional_rule,Chronic Sojourn match examples,A hitscan can secure ordinary frontline damage and pressure an opposing angle before taking a more committed flank or overclock; a visible enemy mistake or new information can trigger the later play.,high,high,False
P4-170,C09_compositions,C04_splits;C08_ultimates;C10_objective;C11_tank,2025-06-04,GIY_4hD9_M8,00:01:00,https://www.youtube.com/watch?v=GIY_4hD9_M8&t=60s,conditional_rule,2025 comparison with a higher-damage Winston composition,"With a low-damage Sombra–Tracer line, a Winston bubble's value depends on the quality and timing of the burst window it gives the damage dealers, rather than on how long Winston merely stalls.",high,high,False
P4-171,C05_setup,C06_bait;C08_ultimates,2025-06-04,GIY_4hD9_M8,00:03:12,https://www.youtube.com/watch?v=GIY_4hD9_M8&t=192s,conditional_rule,Sombra–Tracer defense with Nano and Primal available,A team choosing a slow defensive neutral must still contest an opponent's staging lanes before several threats mature together; spending ultimates to deny setup can be preferable to saving them for an already unfavorable dive.,high,high,False
P4-172,C09_compositions,,2025-06-04,GIY_4hD9_M8,00:09:09,https://www.youtube.com/watch?v=GIY_4hD9_M8&t=549s,case_judgment,Specific ban-era Hazard and backline matchup,"He argues that Hazard into a ground tank without sufficient team speed can fail to get around the tank, and criticizes a ban/draft that removes a speed option while retaining that plan.",medium,high,False
P4-173,C09_compositions,C04_splits,2025-06-04,GIY_4hD9_M8,00:12:15,https://www.youtube.com/watch?v=GIY_4hD9_M8&t=735s,conditional_rule,Versus Ball–Freya composition in reviewed match,"A Sombra–Tracer–Winston team can lock down a frontline or reach the backline, but may struggle to do both at once; staging Winston to displace the backline can free Sombra to punish the remaining front line.",high,high,False
P4-174,C09_compositions,C07_windows;C12_dps,2025-06-04,GIY_4hD9_M8,00:16:50,https://www.youtube.com/watch?v=GIY_4hD9_M8&t=1010s,hypothesis,2025 specific hero matchup; speaker explicitly says sample is limited,He hypothesizes that Freya has difficulty both contesting Winston's staging and remaining safe from Sombra–Tracer; a coordinated hack or virus with the jump can compress the escape window.,medium,high,False
P4-175,C05_setup,C07_windows;C08_ultimates;C11_tank;C13_support,2025-06-04,GIY_4hD9_M8,00:20:20,https://www.youtube.com/watch?v=GIY_4hD9_M8&t=1220s,conditional_rule,Crazy Raccoon–T1 successive fights,"An offset, scouting support position can see an incoming dive setup and use Rush or Beat before the attackers finish it; clustering on the corner leaves the team reacting to a completed jump.",high,high,False
P4-176,C08_ultimates,C01_turns,2025-06-04,GIY_4hD9_M8,00:28:19,https://www.youtube.com/watch?v=GIY_4hD9_M8&t=1699s,counterexample,Winston mirror ultimate fight; the speaker allows specific exceptions,A second Beat is not automatically stronger: the first team may engage and force key cooldowns or isolate a target before the reply lands. Playing for the second Beat requires surviving or evading that first push.,high,high,False
P4-177,C10_objective,C03_geometry,2025-06-04,GIY_4hD9_M8,00:34:50,https://www.youtube.com/watch?v=GIY_4hD9_M8&t=2090s,conditional_rule,Two Winston retake defenses in one match,A defender holding a choke should choose between an early hit through it and a deeper position that lets attackers cross; standing on the choke while intending to yield can get the tank cleared and hand attackers a window to surge through.,high,high,False
P4-178,C05_setup,C07_windows;C11_tank,2025-06-04,GIY_4hD9_M8,00:41:07,https://www.youtube.com/watch?v=GIY_4hD9_M8&t=2467s,case_judgment,Winston versus Winston with Primal; specific lost fight,"When a backline dive is the team's principal win condition, a tank's bubble should support that jump or the approach rather than be spent on an enemy tank whose ultimate already threatens the cart.",high,high,False
P4-179,C13_support,,2025-06-04,GIY_4hD9_M8,00:44:46,https://www.youtube.com/watch?v=GIY_4hD9_M8&t=2686s,conditional_rule,Specific retake and support pairing,"In the illustrated Kiriko–Lucio flip, Lucio can establish a safe teleport destination beyond the opposing Winston so Kiriko joins the fight without teleporting into an actively pressured diver.",high,high,False
P4-180,C05_setup,C04_splits;C07_windows;C09_compositions;C12_dps,2025-06-04,GIY_4hD9_M8,00:48:10,https://www.youtube.com/watch?v=GIY_4hD9_M8&t=2890s,conditional_rule,Late match fights; Tracer also follows tank windows,"In a burst-oriented tank–Freya composition, a damage dealer must be staged to use the tank's short engagement window immediately; a well-timed jump with the DPS absent can waste the neutral opportunity.",high,high,False
P4-181,C09_compositions,C04_splits,2025-06-02,n-t2m7R_Gho,00:02:39,https://www.youtube.com/watch?v=n-t2m7R_Gho&t=159s,case_judgment,Liquid–GK live watch party,"Against a predictable dive, a team that only peels the initiating tank can leave the opposing damage line free; a forward counterattack may be preferable when that tank's engage is too costly to contest directly.",low,high,False
P4-182,C09_compositions,,2025-06-02,n-t2m7R_Gho,00:20:00,https://www.youtube.com/watch?v=n-t2m7R_Gho&t=1200s,observational_pattern,GK series conclusion in live commentary,"He praises a team for retaining a clear setup-and-hard-engage identity across different metas and compositions, arguing that this continuity preserves learned coordination and makes the match plan familiar.",medium,medium,False
P4-183,C02_information,C05_setup;C10_objective,2025-03-28,cXnFhS2l47g,00:03:20,https://www.youtube.com/watch?v=cXnFhS2l47g&t=200s,mechanism,Nightmare–Rad match comparison,Forward pre-fight poke can reveal the opponent's route; withdrawing afterward lets an engaging team keep that information while hiding its own final positions and timing.,high,high,False
P4-184,C09_compositions,C05_setup,2025-03-28,cXnFhS2l47g,00:05:57,https://www.youtube.com/watch?v=cXnFhS2l47g&t=357s,conditional_rule,Nightmare rematch with Ramattra and Sojourn,"Against a fast Hazard–Genji engage, merely planning to survive the hit may fail; alternating pressure on the tank and the damage dealer's angle can prevent the coordinated setup required for that hit.",high,high,False
P4-185,C09_compositions,C11_tank,2025-03-28,cXnFhS2l47g,00:10:39,https://www.youtube.com/watch?v=cXnFhS2l47g&t=639s,case_judgment,Liquid–Nightmare first playoff meeting,A stacked Mauga team can swing and pressure a Hazard together so he must either retreat and cede setup space or commit to a dangerous front-to-back exchange.,high,high,False
P4-186,C09_compositions,C04_splits,2025-03-28,cXnFhS2l47g,00:17:19,https://www.youtube.com/watch?v=cXnFhS2l47g&t=1039s,conditional_rule,Nightmare–SSG rematch and earlier failed Genji–Lucio split,"An adaptation may change one's own setup rather than counter the enemy directly: leaving a choke less stuffed can make the opponent commit to a side, enabling a Genji–Lucio pair to attack the other side quickly.",high,high,False
P4-187,C07_windows,C01_turns;C05_setup;C11_tank,2025-01-06,GYBpp0KM5-Q,00:06:09,https://www.youtube.com/watch?v=GYBpp0KM5-Q&t=369s,observational_pattern,Three Crazy Raccoon retake examples,"A high-level team can turn a brief missing bash, recall, or movement cooldown into a coordinated engage before the resource returns, even when the opponent's position otherwise appears sound.",high,high,False
P4-188,C13_support,,2025-01-06,GYBpp0KM5-Q,00:14:56,https://www.youtube.com/watch?v=GYBpp0KM5-Q&t=896s,conditional_rule,Kiriko–Lucio retake example,A Kiriko expecting a dive should know in advance whether a safe teleport is available from the frontline or whether Lucio must create a separate destination; the escape should preserve useful midfight sight.,high,high,False
P4-189,C06_bait,C03_geometry;C11_tank;C13_support,2026-09-05,N5fHwbNE-SQ,00:07:10,https://www.youtube.com/watch?v=N5fHwbNE-SQ&t=430s,conditional_rule,Capitology interviewing a player about a specific match,"In a slow Ramattra composition, the team may bait while its backline holds corners, but should attack first once opposing angles begin to surround it; waiting to respond to the finished pinch can be too late.",medium,high,False
P4-190,C06_bait,C03_geometry;C11_tank,2026-09-05,N5fHwbNE-SQ,00:11:18,https://www.youtube.com/watch?v=N5fHwbNE-SQ&t=678s,case_judgment,Interview discussion of slow style and opponent adaptation,"A team opposing a deep, safe backline can avoid feeding its sight lines and instead pressure the less supported side or forward player; the baiting team must recognize when its own passive hold stops controlling the map.",medium,high,False
P4-191,C12_dps,C14_execution;C15_learning,2026-06-08,prUv2eNrGD0,00:03:33,https://www.youtube.com/watch?v=prUv2eNrGD0&t=213s,observational_pattern,Diamond and Masters interviews on one map,"In his small matched-map Sojourn sample, the lower-ranked players sometimes aim and use ultimates well, but the narrator sees recurring losses of angle and scouting after initial poke; the rank pattern is descriptive of these five players.",high,high,False
P4-192,C12_dps,C14_execution,2026-06-08,prUv2eNrGD0,00:20:18,https://www.youtube.com/watch?v=prUv2eNrGD0&t=1218s,distinction,Two guest reports plus narrator interpretation,"The champion-level guest says he may stay stacked when a flank offers the same sight lines, while the pro describes taking space after the enemy tank uses movement; angle choice follows new reach and visibility, not a fixed flank quota.",medium,high,False
P4-193,C04_splits,C05_setup;C06_bait;C09_compositions,2026-04-27,ijlmDdVIdtk,00:02:41,https://www.youtube.com/watch?v=ijlmDdVIdtk&t=161s,conditional_rule,Dallas Fuel–SSG double-flex example,"Against a team prepared to clear the outside lane with teleport and D.Va, a split composition can begin closer together, scout the clear, then form its split as the opponent chases and leaves players behind.",high,high,False
P4-194,C06_bait,C01_turns;C07_windows,2026-04-27,ijlmDdVIdtk,00:09:46,https://www.youtube.com/watch?v=ijlmDdVIdtk&t=586s,case_judgment,Dallas Fuel–SSG point fight,A team baiting teleport can switch to forward pressure when the opponent's D.Va spends boosters elsewhere; a late teleport onto the backline then lacks the same tank follow-up.,high,high,False
P4-195,C09_compositions,C11_tank,2026-04-17,AtmKIdmLLQ8,00:05:09,https://www.youtube.com/watch?v=AtmKIdmLLQ8&t=309s,case_judgment,DSG–Liquid mirror and narrator's own team,"In a Zarya–Vendetta mirror, killing the Lucio can still lose the exchange if the opposing Vendetta suppresses the hitscan while one's own hitscan is free to damage the tank; compare target value with the damage denied elsewhere.",high,high,False
P4-196,C01_turns,,2026-04-17,AtmKIdmLLQ8,00:12:31,https://www.youtube.com/watch?v=AtmKIdmLLQ8&t=751s,conditional_rule,Specific Zarya–Vendetta mirror,"After one's Vendetta forces the opposing hitscan back, the opposing Vendetta may take the next turn to block one's own hitscan; the frontline may need to yield space during that reply, then press again after it is baited.",high,high,False
P4-197,C01_turns,C07_windows;C08_ultimates;C10_objective,2026-04-09,GKkzCd9cvUg,00:08:56,https://www.youtube.com/watch?v=GKkzCd9cvUg&t=536s,case_judgment,D.Va–Venture versus Orisa review,"A movement turn can be spent to obtain a better position for a later killing turn; using an ultimate from the first, shallow position can lose the advantage of the composition's layered entry.",high,high,False
P4-198,C08_ultimates,C07_windows;C10_objective,2026-04-09,GKkzCd9cvUg,00:12:02,https://www.youtube.com/watch?v=GKkzCd9cvUg&t=722s,clarification,2026 follow-up; two separate fights,"He identifies one triple-ultimate point flip as genuine waste, but argues another multi-ultimate failure stemmed from not using the space gained to set up and pursue a kill on the far side.",high,high,False
P4-199,C06_bait,C01_turns,2026-03-08,KlcWDgdXrZk,00:06:10,https://www.youtube.com/watch?v=KlcWDgdXrZk&t=370s,conditional_rule,Falcons–Crazy Raccoon contrasting fights,"After forcing a front player's cooldowns, the first-moving team must choose whether to chase that player or exploit the vacated side; the baiting team must make the preferred wrong choice tempting and retain a response if the opponent chooses correctly.",high,high,False
P4-200,C03_geometry,,2026-01-26,Hl-nV1aF1yE,00:07:04,https://www.youtube.com/watch?v=Hl-nV1aF1yE&t=424s,conditional_rule,Twisted Minds–Falcons King's Row example,"A team can poke the walk-up, withdraw early through several positions while there is map left to give, and later go first from a preferred fight location; this depends on not being chased during withdrawal.",high,high,False
P4-201,C16_design,,2026-02-08,x2jNJeKiMUU,00:01:00,https://www.youtube.com/watch?v=x2jNJeKiMUU&t=60s,design_opinion,Speculation before testing announced hero kits,"In a pre-release hero reaction, he values abilities with visible counterplay and skill expression and worries when a poke tank's strength may depend mainly on raw damage tuning.",high,medium,False
P4-202,C02_information,C08_ultimates;C14_execution,2026-01-21,FjoWkH6Sl1k,00:06:30,https://www.youtube.com/watch?v=FjoWkH6Sl1k&t=390s,conditional_rule,Kiriko Rush example in tier-two live review,"Before using a major ultimate that opponents can kite, the initiator should scout where all opponents are and whether they are already spaced to evade it.",high,high,False
P4-203,C15_learning,C14_execution,2026-01-02,iLX7uqsC1jE,00:14:55,https://www.youtube.com/watch?v=iLX7uqsC1jE&t=895s,method,Q&A opinion on coaching impact,He cautions coaches against using players as a test bed for unproven theories that disrupt the team's existing play; a coach's impact can be negative as well as positive.,high,low,False
P4-204,C09_compositions,C04_splits;C13_support,2025-12-14,t1dnez3yuZ4,00:06:38,https://www.youtube.com/watch?v=t1dnez3yuZ4&t=398s,conditional_rule,"His SSG Zarya–Echo analysis, comparing an earlier team built around a different allocation",A composition should allocate its limited healing and attention among players whose styles require resources; pairing multiple high-resource players with a tank that must be sustained can leave one damage dealer unable to take an angle.,medium,high,False
P4-205,C05_setup,C02_information,2025-08-31,1UNctVbRS3M,00:01:58,https://www.youtube.com/watch?v=1UNctVbRS3M&t=118s,mechanism,Ball/Genji double-flex discussion against D.Va,"In a low-damage dive, yielding to an opponent's clear can preserve the attackers' resources and let them use the clearer’s withdrawal to slip into unscouted positions; the final engage can still be fast after a patient setup.",high,high,False
P4-206,C01_turns,C06_bait;C07_windows,2026-03-08,KlcWDgdXrZk,00:09:15,https://www.youtube.com/watch?v=KlcWDgdXrZk&t=555s,conditional_rule,Crazy Raccoon response to Falcons bait,"Against a team offering a tempting cooldown bait, the first-moving team can clear that player, then delay its next rotation long enough to pressure another angle and accumulate advantages rather than commit on the first opening.",high,high,False
