window_id,question,priority,evidence_role,claim_ids,video_id,video_title,upload_date,start,end,start_seconds,end_seconds,duration_seconds,url,visual_check,retrieval_status,visual_review_status
V6-01,turns,A,early-turn example,P4-007,c92ESPjlveI,What are turns?,2023-11-28,06:20,07:40,380,460,80,https://www.youtube.com/watch?v=c92ESPjlveI&t=380s,Track which cooldown and space exchange constitutes the first turn; identify the threatened cart and DPS angles.,retrieved_video_only,reviewed_sampled
V6-02,turns,B,soft-dive extension,P4-008,c92ESPjlveI,What are turns?,2023-11-28,09:00,10:35,540,635,95,https://www.youtube.com/watch?v=c92ESPjlveI&t=540s,Locate the enemy Winston exit and the second entry; check whether the attackers actually retained resources.,retrieved_video_only,reviewed_targeted
V6-03,turns,A,later bait mechanism,P4-034,KlcWDgdXrZk,Playing Second: The Mind Control Warfare of Team Falcons,2026-03-08,02:05,04:45,125,285,160,https://www.youtube.com/watch?v=KlcWDgdXrZk&t=125s,"Identify the offered cooldown or position, both teams' options, and whether the response was forced.",retrieved_video_only,reviewed_sampled
V6-04,turns,B,later counterplay,P4-206,KlcWDgdXrZk,Playing Second: The Mind Control Warfare of Team Falcons,2026-03-08,09:05,11:15,545,675,130,https://www.youtube.com/watch?v=KlcWDgdXrZk&t=545s,"Check the clear, delayed rotation, accumulated advantage, and whether a later turn still exists.",retrieved_video_only,reviewed_sampled
V6-05,retreat,A,late forced retreat,P4-021,LpxT2dykNK0,Lock Eyes and Fight,2025-06-12,00:30,01:50,30,110,80,https://www.youtube.com/watch?v=LpxT2dykNK0&t=30s,Measure who holds the angles before contact and what resources remain when the retreat starts.,retrieved_video_only,reviewed_sampled
V6-06,retreat,A,early voluntary withdrawal,P4-031,Hl-nV1aF1yE,Back Up to Go Forward,2026-01-26,03:00,05:20,180,320,140,https://www.youtube.com/watch?v=Hl-nV1aF1yE&t=180s,"Mark the original corner, retreat distance, available cooldowns, and new route before contact.",retrieved_video_only,reviewed_sampled
V6-07,retreat,B,reset after first turn,P4-032,Hl-nV1aF1yE,Back Up to Go Forward,2026-01-26,05:35,06:55,335,415,80,https://www.youtube.com/watch?v=Hl-nV1aF1yE&t=335s,Check whether the first turn failed and the team regained a usable angle after backing out.,retrieved_video_only,reviewed_targeted
V6-08,ultimate_economy,A,qualified economy thesis,P4-027,aHwWbiUE4KQ,Ultimate Economy Does Not Matter,2026-01-08,01:30,04:20,90,260,170,https://www.youtube.com/watch?v=aHwWbiUE4KQ&t=90s,"Record ultimate counts, fight winner, and the actual playmaking route; distinguish illustration from measured frequency.",retrieved_video_only,reviewed_targeted
V6-09,ultimate_economy,B,kite example,P4-028,aHwWbiUE4KQ,Ultimate Economy Does Not Matter,2026-01-08,04:15,06:50,255,410,155,https://www.youtube.com/watch?v=aHwWbiUE4KQ&t=255s,"Locate front and backline spacing, the ultimate trigger, escape path, and next engagement.",retrieved_video_only,reviewed_sampled
V6-10,ultimate_economy,A,spend to secure retake,P4-053,QvMsOy1wFr4,How NRG Won (And Lost) Overwatch Rock Paper Scissors,2024-12-08,09:20,10:20,560,620,60,https://www.youtube.com/watch?v=QvMsOy1wFr4&t=560s,Check objective and charge state when multiple ultimates are committed; verify the fight outcome.,retrieved_video_only,reviewed_sampled
V6-11,ultimate_economy,A,failed triple-ultimate distinction,P4-198,GKkzCd9cvUg,Ult Economy Might Be Real,2026-04-09,11:52,14:29,712,869,157,https://www.youtube.com/watch?v=GKkzCd9cvUg&t=712s,"Compare the two discussed failures: spent ultimates, point flip, following setup, and losing cause.",retrieved_video_only,reviewed_sampled
V6-12,dive_survival,A,prevent strong setup,P4-017,MYW1ztAeDQc,Why do Dives Always Kill You,2025-04-30,03:55,05:52,235,352,117,https://www.youtube.com/watch?v=MYW1ztAeDQc&t=235s,Map Tracer angle and Winston staging before support cooldowns are tested; identify available clear.,retrieved_video_only,reviewed_sampled
V6-13,dive_survival,B,wide clearing route,P4-018,MYW1ztAeDQc,Why do Dives Always Kill You,2025-04-30,09:50,11:50,590,710,120,https://www.youtube.com/watch?v=MYW1ztAeDQc&t=590s,Follow the retake route and check whether the enemy jump becomes long or poorly staged.,retrieved_video_only,reviewed_sampled
V6-14,dive_survival,A,defensive ultimate before setup,P4-134,MYW1ztAeDQc,Why do Dives Always Kill You,2025-04-30,12:31,15:27,751,927,176,https://www.youtube.com/watch?v=MYW1ztAeDQc&t=751s,"Check attacker angles, Winston distance, ultimate timing, objective, and defender alternatives.",retrieved_video_only,reviewed_targeted
V6-15,dive_survival,B,scouting support exception,P4-175,GIY_4hD9_M8,How T1 Beat the Best Overwatch Team in the World,2025-06-04,20:10,24:50,1210,1490,280,https://www.youtube.com/watch?v=GIY_4hD9_M8&t=1210s,Verify what the offset support can see and whether Rush or Beat occurs before the dive is complete.,retrieved_video_only,reviewed_sampled
V6-16,bait,A,failed passive kite,P4-015,K6Ayz-NHVe4,How Korea Solved Overwatch,2024-11-23,06:30,07:50,390,470,80,https://www.youtube.com/watch?v=K6Ayz-NHVe4&t=390s,Check whether the baiting team has counterpressure and enough cooldowns to stand and punish.,retrieved_video_only,reviewed_sampled
V6-17,bait,A,first mover accepts bait,P4-035,KlcWDgdXrZk,Playing Second: The Mind Control Warfare of Team Falcons,2026-03-08,10:25,12:25,625,745,120,https://www.youtube.com/watch?v=KlcWDgdXrZk&t=625s,"Trace cooldown trade, immediate response, and whether the baiting side can still answer.",retrieved_video_only,reviewed_sampled
V6-18,bait,B,choice after forced cooldown,P4-199,KlcWDgdXrZk,Playing Second: The Mind Control Warfare of Team Falcons,2026-03-08,06:00,09:29,360,569,209,https://www.youtube.com/watch?v=KlcWDgdXrZk&t=360s,Compare chasing the front player with attacking exposed teammates; record the chosen route and result.,retrieved_video_only,reviewed_targeted
V6-19,bait,B,clear the attention holder,P4-125,K6Ayz-NHVe4,How Korea Solved Overwatch,2024-11-23,12:43,16:56,763,1016,253,https://www.youtube.com/watch?v=K6Ayz-NHVe4&t=763s,Check whether the bait player's space is actually cleared before pursuing a distant backline.,retrieved_video_only,reviewed_sampled
V6-20,splits,A,2023 push and pull,P4-003,JM50b3IU6-c,How to Play Split Comps in Overwatch (Toronto vs Washington),2023-10-27,08:50,10:14,530,614,84,https://www.youtube.com/watch?v=JM50b3IU6-c&t=530s,"Map both cores, their distance, enemy commitment, retreat, and simultaneous counterpressure.",retrieved_video_only,reviewed_sampled
V6-21,splits,B,2023 failure or limit,P4-004,JM50b3IU6-c,How to Play Split Comps in Overwatch (Toronto vs Washington),2023-10-27,18:30,20:00,1110,1200,90,https://www.youtube.com/watch?v=JM50b3IU6-c&t=1110s,Check whether the pressured off angle survives and whether advancing both cores wastes the exchange.,retrieved_video_only,reviewed_targeted
V6-22,splits,A,2026 attention exchange,P4-091,ijlmDdVIdtk,The New Dallas Fuel Can't Stop Winning,2026-04-27,01:00,02:45,60,165,105,https://www.youtube.com/watch?v=ijlmDdVIdtk&t=60s,Map contemporary split positions and whether pressure alternates rather than remaining on one group.,retrieved_video_only,reviewed_sampled
V6-23,splits,B,2026 delayed split adaptation,P4-193,ijlmDdVIdtk,The New Dallas Fuel Can't Stop Winning,2026-04-27,02:31,05:56,151,356,205,https://www.youtube.com/watch?v=ijlmDdVIdtk&t=151s,Identify teleport/D.Va clear threat and whether the team begins together then splits later.,retrieved_video_only,reviewed_targeted
