video_id,title,upload_date,upload_datetime,publish_datetime,duration_seconds,duration,url,upload_type,availability,description,caption_availability,manual_captions,automatic_captions,caption_languages,metadata_gaps
_pv_dhja-4w,You're Never Going to Learn,2026-09-29,2026-09-29T15:44:43-07:00,2026-09-29T15:44:43-07:00,709,00:11:49,https://www.youtube.com/watch?v=_pv_dhja-4w,video,public,check out my other videos im not linking them though,available,False,True,ar;bn;nl;en;fr;de;iw;hi;id;it;ja;ko;ml;pl;pt;pa;ru;es;ta;te;uk,
N5fHwbNE-SQ,Dallas Fuel is Bringing NA Back (Ft. Cjay),2026-09-05,2026-09-05T09:00:04-07:00,2026-09-05T09:00:04-07:00,1133,00:18:53,https://www.youtube.com/watch?v=N5fHwbNE-SQ,video,public,Cjay and I review his win over Virtus Pro,available,False,True,bn;nl-NL;en;fr-FR;de-DE;iw;hi;id;it;ja;ko;ml;pl;pt-BR;pa;ru;es-US;ta;te;uk,
KLwLiiYYewQ,DON'T hold the choke?,2026-07-08,2026-07-08T11:00:15-07:00,2026-07-08T11:00:15-07:00,53,00:00:53,https://www.youtube.com/watch?v=KLwLiiYYewQ,short,public,,available,False,True,en,
prUv2eNrGD0,The 5 Levels of Sojourn: Diamond to Pro (Ft. PGE),2026-06-08,2026-06-08T10:00:29-07:00,2026-06-08T10:00:29-07:00,1889,00:31:29,https://www.youtube.com/watch?v=prUv2eNrGD0,video,public,"patreon.com/cw/Capitology
twitter.com/Cap1tology
twitch.tv/capitology

I brought together 5 different levels of Sojourn player to test what the differences between each rank really are. Can you tell the differences between each level?

0:00 - Intro
0:46 - Diamond
6:19 - Master
11:24 - Grandmaster
17:24 - Champion
22:39 - Pro
30:40 - Conclusion",available,False,True,en,
pQcjwEjo6us,Can SSG Stay Alive for More Than 5 Seconds?,2026-05-22,2026-05-22T12:31:36-07:00,2026-05-22T12:31:36-07:00,29,00:00:29,https://www.youtube.com/watch?v=pQcjwEjo6us,short,public,Hawk tries his best to live for more than 5 seconds against an international team,available,False,True,en,
GjlM3r948EI,Nico Reads Junbin Like a Book,2026-05-06,2026-05-06T12:34:20-07:00,2026-05-06T12:34:20-07:00,22,00:00:22,https://www.youtube.com/watch?v=GjlM3r948EI,short,public,Nico from VARREL hits a nasty read on Junbin to beat CR and make playoffs,available,False,True,en,
ijlmDdVIdtk,The New Dallas Fuel Can't Stop Winning,2026-04-27,2026-04-27T11:00:44-07:00,2026-04-27T11:00:44-07:00,924,00:15:24,https://www.youtube.com/watch?v=ijlmDdVIdtk,video,public,"https://www.patreon.com/cw/Capitology
https://www.twitch.tv/capitology
https://x.com/Cap1tology

This video is cut from my Patreon, where there's a full hour long breakdown of the match from Lukemino's POV.

Dallas Fuel simply can't stop winning...",available,False,True,en,
AtmKIdmLLQ8,At Least We Won ONE Match,2026-04-17,2026-04-17T11:00:09-07:00,2026-04-17T11:00:09-07:00,935,00:15:35,https://www.youtube.com/watch?v=AtmKIdmLLQ8,video,public,"https://www.patreon.com/cw/Capitology
https://www.twitch.tv/capitology
https://x.com/Cap1tology

You can always rely on me to beat liquid",available,False,True,en,
mXrTyliwJTI,HE HID FOR 14 SECONDS??,2026-04-16,2026-04-16T11:00:51-07:00,2026-04-16T11:00:51-07:00,60,00:01:00,https://www.youtube.com/watch?v=mXrTyliwJTI,short,public,Proud actually plays the game like a real sniper,available,False,True,en,
GKkzCd9cvUg,Ult Economy Might Be Real,2026-04-09,2026-04-09T11:00:14-07:00,2026-04-09T11:00:14-07:00,872,00:14:32,https://www.youtube.com/watch?v=GKkzCd9cvUg,video,public,"https://www.patreon.com/cw/Capitology
https://www.twitch.tv/capitology
https://x.com/Cap1tology

You win some you lose some (and then you lose some more)",available,False,True,en,
KlcWDgdXrZk,Playing Second: The Mind Control Warfare of Team Falcons,2026-03-08,2026-03-08T10:00:24-07:00,2026-03-08T10:00:24-07:00,844,00:14:04,https://www.youtube.com/watch?v=KlcWDgdXrZk,video,public,"https://www.patreon.com/cw/Capitology
https://www.twitch.tv/capitology
https://x.com/Cap1tology

Team Falcons is making some playstyle adjustments with Checkmate and Junkbuck added to the team. Will they be able to perfect their playstyle and bring Korea back to the top?",available,False,True,en,
x2jNJeKiMUU,The Biggest Season In Overwatch History,2026-02-08,2026-02-08T11:01:00-08:00,2026-02-08T11:01:00-08:00,1245,00:20:45,https://www.youtube.com/watch?v=x2jNJeKiMUU,video,public,"https://www.patreon.com/cw/Capitology
https://www.twitch.tv/capitology
https://x.com/Cap1tology

Overwatch just announced their biggest patch in history, adding 5 new characters at once. How well designed and how strong are each of them?",available,False,True,en,
UC8D2vBDf_0,2026 Announcement,2026-02-02,2026-02-02T12:45:14-08:00,2026-02-02T12:45:14-08:00,311,00:05:11,https://www.youtube.com/watch?v=UC8D2vBDf_0,video,public,"https://www.patreon.com/cw/Capitology
https://www.twitch.tv/capitology
https://x.com/Cap1tology

ANNOUNCEMENT",available,False,True,en,
Hl-nV1aF1yE,Back Up to Go Forward,2026-01-26,2026-01-26T11:00:19-08:00,2026-01-26T11:00:19-08:00,728,00:12:08,https://www.youtube.com/watch?v=Hl-nV1aF1yE,video,public,"https://www.twitch.tv/capitology
https://x.com/Cap1tology

Have you ever thought to yourself, ""How are we supposed to make this push work?""

It might be a trick question.",available,False,True,en,
FjoWkH6Sl1k,How Good is the New Tier 2?,2026-01-21,2026-01-21T13:02:57-08:00,2026-01-21T13:02:57-08:00,1088,00:18:08,https://www.youtube.com/watch?v=FjoWkH6Sl1k,video,public,"https://www.twitch.tv/capitology
https://x.com/Cap1tology

cba to do description just watch the video",available,False,True,en,
aHwWbiUE4KQ,Ultimate Economy Does Not Matter,2026-01-08,2026-01-08T11:01:42-08:00,2026-01-08T11:01:42-08:00,584,00:09:44,https://www.youtube.com/watch?v=aHwWbiUE4KQ,video,public,"https://x.com/Cap1tology
https://www.twitch.tv/capitology

Ultimate Economy is often the most focused on aspect of the game from coaches and analysts who consider themselves to be ""macro specialists"" or whatever other nonsense people say about themselves these days. Here is why they're all wasting their time",available,False,True,en,
iLX7uqsC1jE,The Best Questions of 2025,2026-01-02,2026-01-02T11:57:53-08:00,2026-01-02T11:57:53-08:00,1268,00:21:08,https://www.youtube.com/watch?v=iLX7uqsC1jE,video,public,"Original post: https://www.reddit.com/r/Competitiveoverwatch/comments/1px5kkx/capitology_ama_video/

https://x.com/Cap1tology
https://www.twitch.tv/capitology

Pro Coach answers the best and brightest questions of 2025. Happy new year.",available,False,True,en,
jSCHyAWoUjc,Rokit Makes Vendetta Look Broken,2025-12-21,2025-12-21T11:00:44-08:00,2025-12-21T11:00:44-08:00,977,00:16:17,https://www.youtube.com/watch?v=jSCHyAWoUjc,video,public,"https://x.com/Cap1tology
https://www.twitch.tv/capitology

It's been enough time... the new character is pretty broken. But not all players are created equal, and Rokit is here to show us how to do it",available,False,True,en,
M8393UkZxjY,Why Does Team Liquid Evaporate on Stage,2025-12-19,2025-12-19T10:00:24-08:00,2025-12-19T10:00:24-08:00,1529,00:25:29,https://www.youtube.com/watch?v=M8393UkZxjY,video,public,"https://x.com/Cap1tology
https://www.twitch.tv/capitology

Can't be bothered to do description for this one to be honest just watch it yourself and find out",available,False,True,ar;bn;nl-NL;en;fr-FR;de-DE;iw;hi;id;it;ja;ko;ml;pl;pt-BR;pa;ru;es-US;ta;te;uk,
t1dnez3yuZ4,"Dva is Broken, so Why Aren't We Winning?",2025-12-14,2025-12-14T12:00:45-08:00,2025-12-14T12:00:45-08:00,1004,00:16:44,https://www.youtube.com/watch?v=t1dnez3yuZ4,video,public,"https://x.com/Cap1tology
https://www.twitch.tv/capitology

Both of the top teams from last tournament play almost exclusively Dva comps, but it doesn't look very strong in the hands of NA's Dva team. What are we doing differently? (Besides not playing symm)",available,False,True,en,
Y4ORvoqZ1P0,How Far Has NA Fallen,2025-12-11,2025-12-11T12:00:29-08:00,2025-12-11T12:00:29-08:00,1051,00:17:31,https://www.youtube.com/watch?v=Y4ORvoqZ1P0,video,public,"https://x.com/Cap1tology
https://www.twitch.tv/Capitology

NA went from upsetting Crazy Raccoon at the beginning of the year to a triple last-place finish at the last tournament (among relevant teams). How is this possible? And how close was it to doing differently?",available,False,True,en,
sqtmsbHxrLE,Symm is NOT Meta... Twisted Minds are Just Better,2025-12-08,2025-12-08T11:00:56-08:00,2025-12-08T11:00:56-08:00,1025,00:17:05,https://www.youtube.com/watch?v=sqtmsbHxrLE,video,public,"https://x.com/Cap1tology
https://www.twitch.tv/capitology

The day has come... EU has finally won a major tournament. Except, they won multiple skill matchups vs every korean team on their path through the bracket. How is that possible?",available,False,True,en,
LSrm0ocaS1Q,The Secret Rules to Pro Aim,2025-11-15,2025-11-15T11:00:18-08:00,2025-11-15T11:00:18-08:00,1027,00:17:07,https://www.youtube.com/watch?v=LSrm0ocaS1Q,video,public,"https://x.com/Cap1tology
https://www.twitch.tv/capitology

How do Lip and Prophet have such ""smooth"" aim and make hitting shots look so easy? Let's take a look at what it takes to hit shots so consistently at the pro level.",available,False,True,en,
AcAxvnAEYpg,How Are Old OWL Players Still So Good?,2025-11-06,2025-11-06T12:00:07-08:00,2025-11-06T12:00:07-08:00,879,00:14:39,https://www.youtube.com/watch?v=AcAxvnAEYpg,video,public,"https://x.com/Cap1tology
https://www.twitch.tv/Capitology

Hawk just took a year off to throw ranked games and came back to immediately get second place in the region. How is this possible? Let's find out...",available,False,True,en,
1OvQ5PAK0w0,Why Good Players Make Stupid Mistakes,2025-11-03,2025-11-03T12:00:03-08:00,2025-11-03T12:00:03-08:00,1168,00:19:28,https://www.youtube.com/watch?v=1OvQ5PAK0w0,video,public,"https://x.com/Cap1tology
https://www.twitch.tv/Capitology

Intro Music: Roar of the Jungle Dragon - DM DOKURO

Why do so many good players make seemingly stupid and obvious mistakes? Why can an infinite number of couch analysts point out what the top pros are doing wrong? Let's take a look.",available,False,True,en,
2X_yEWyNms0,How I Would Fix Overwatch (As A Former Pro),2025-09-23,2025-09-23T11:38:22-07:00,2025-09-23T11:38:22-07:00,617,00:10:17,https://www.youtube.com/watch?v=2X_yEWyNms0,video,public,"I am Cap, and I've coached professional overwatch for many years. I'm frequently asked on stream how I would balance the game, and this is my answer. 

https://x.com/Cap1tology
https://www.twitch.tv/capitology",available,False,True,en,
TOaKp3Z44ho,THEY COULDN'T SURVIVE IN THE WEST... SO THEY RAN TO KOREA.,2025-09-15,2025-09-15T12:00:33-07:00,2025-09-15T12:00:33-07:00,944,00:15:44,https://www.youtube.com/watch?v=TOaKp3Z44ho,video,public,"The Koreans that couldn't handle it in the west have gone back to korea to duke it out in the thunderdome... Two enter, hopefully neither of them leaves.

https://x.com/Cap1tology
https://www.twitch.tv/capitology",available,False,True,en,
ln2t2rl1KYw,How to Enter the Pocket,2025-09-10,2025-09-10T12:00:51-07:00,2025-09-10T12:00:51-07:00,1366,00:22:46,https://www.youtube.com/watch?v=ln2t2rl1KYw,video,public,"How do you punch your opponent without getting punched? How do you engage the enemy team without being engaged on? Learn how to STEP IN THE POCKET and how to stop losing every dive mirror.

https://www.twitch.tv/capitology
https://x.com/Cap1tology",available,False,True,en,
aNBstKtsPms,Australians CAN Coach? (Joybait),2025-09-04,2025-09-04T11:00:03-07:00,2025-09-04T11:00:03-07:00,946,00:15:46,https://www.youtube.com/watch?v=aNBstKtsPms,video,public,"I'm well known as a joyful man who loves spreading positivity, today let's journey through some Overwatch content together and point out all the good parts. #kindness 

Featured Videos: (Check them both out)
https://youtu.be/QayyVxSMtfk?si=00x11aDO1_S9zuWn (Unter's Coaching Channel)
https://youtu.be/SPVPsuK-rUk?si=Ja80hQ4B4paaxii5 (Kajor's Main Channel)

https://www.twitch.tv/capitology
https://x.com/Cap1tology

#overwatch2 #coaching",available,False,True,en,
1UNctVbRS3M,How To Win Without Doing Damage,2025-08-31,2025-08-31T12:03:49-07:00,2025-08-31T12:03:49-07:00,1493,00:24:53,https://www.youtube.com/watch?v=1UNctVbRS3M,video,public,"I thought every comp needs a hitscan? Why is Crazy Raccoon winning (3-0) against the reigning champs without using a hitscan? Just how good is Spint exactly?

https://twitter.com/Cap1tology
https://www.twitch.tv/Capitology",available,False,True,en,
vu4KmVKp2f0,How Do You Beat Symmetra Cheese Comps?,2025-08-10,2025-08-10T11:00:59-07:00,2025-08-10T11:00:59-07:00,721,00:12:01,https://www.youtube.com/watch?v=vu4KmVKp2f0,video,public,"How do you beat this EU symmetra cheese comp? Well a lot of you don't. World cup 2023 we failed, OWCS 2025 every NA team is getting 8th. Lets fix it up please guys. 

https://x.com/Cap1tology
https://www.twitch.tv/capitology",available,False,True,en,
x5ej22cA7G0,I HATE Coaching.,2025-07-14,2025-07-14T16:49:54-07:00,2025-07-14T16:49:54-07:00,828,00:13:48,https://www.youtube.com/watch?v=x5ej22cA7G0,video,public,"I hate coaching so much I'd genuinely rather work a McDonald's 9-5 every day for the rest of my life if it meant I would never have to see a stupid question again

https://x.com/Cap1tology
https://www.twitch.tv/capitology",available,False,True,en,
xabIcyolpJA,How to Make Plays Like the Best Freja (Kronik),2025-07-11,2025-07-11T11:01:02-07:00,2025-07-11T11:01:02-07:00,576,00:09:36,https://www.youtube.com/watch?v=xabIcyolpJA,video,public,"Kronik is one of the best dps in the world at simply finding kills when he wants to. How does he make that happen? Do you also need to play 10,000 hours on widow to do this? Who knows

https://www.twitch.tv/capitology
https://x.com/Cap1tology",available,False,True,en,
E1bYy6OE_OQ,How to SEE Overwatch Like GEEKAY Esports,2025-07-02,2025-07-02T13:56:40-07:00,2025-07-02T13:56:40-07:00,506,00:08:26,https://www.youtube.com/watch?v=E1bYy6OE_OQ,video,public,"Everyone wants to go fast and fight early but only one team is able to do it on command... it's time to walk up and overclock in spawn instead of sitting around and looking at walls

https://www.twitch.tv/capitology
https://x.com/Cap1tology",available,False,True,en,
SJdCkYn6Is0,Donghak Theory: How to Carry With no Help,2025-06-20,2025-06-20T12:06:36-07:00,2025-06-20T12:06:36-07:00,603,00:10:03,https://www.youtube.com/watch?v=SJdCkYn6Is0,video,public,"Do you ever feel like you don't get enough help? That you'd start getting kills if you got more healing or more follow up from your dps? Donghak says you're a liar and it's time to learn why

https://x.com/Cap1tology
https://www.twitch.tv/capitology",available,False,True,en,
LpxT2dykNK0,Lock Eyes and Fight,2025-06-12,2025-06-12T13:37:03-07:00,2025-06-12T13:37:03-07:00,524,00:08:44,https://www.youtube.com/watch?v=LpxT2dykNK0,video,public,"Stop being a b*tch when you play overwatch I'm actually so tired of watching every team kite all the time and just let the enemy team run them over

https://www.twitch.tv/capitology
https://x.com/Cap1tology",available,False,True,en,
GIY_4hD9_M8,How T1 Beat the Best Overwatch Team in the World,2025-06-04,2025-06-04T06:00:27-07:00,2025-06-04T06:00:27-07:00,3218,00:53:38,https://www.youtube.com/watch?v=GIY_4hD9_M8,video,public,"T1 managed to take down the defending world champions in a regular season game. Every time Crazy Raccoon loses, it's worth seeing whether the game is just a fluke, or if someone managed to figure something out that gave them the edge. 

My Links:
https://www.twitch.tv/capitology
https://x.com/Cap1tology

Edited by:
https://www.youtube.com/@coachwhistle264
https://x.com/Coach_Whistle",available,False,True,en,
n-t2m7R_Gho,The Gang Watches Geekay vs Liquid (NA OWCS),2025-06-02,2025-06-02T18:31:03-07:00,2025-06-02T18:31:03-07:00,1288,00:21:28,https://www.youtube.com/watch?v=n-t2m7R_Gho,video,public,Cap Raikker Aniyun and MagicM8Ball watch Geekay vs Liquid go to map 5 in Overwatch OWCS. The flame is heavy but deserved,available,False,True,en,
MYW1ztAeDQc,Why do Dives Always Kill You,2025-04-30,2025-04-30T12:00:09-07:00,2025-04-30T12:00:09-07:00,929,00:15:29,https://www.youtube.com/watch?v=MYW1ztAeDQc,video,public,"Do you ever think ""Why am I always dying to dives?"" It might just be because you miss all your shots and CDs but it could also be because of something else so watch the video and find out 

https://x.com/Cap1tology",available,False,True,en,
vNp9kRvOjKA,You're Not Trying That Hard,2025-04-23,2025-04-23T11:25:39-07:00,2025-04-23T11:25:39-07:00,656,00:10:56,https://www.youtube.com/watch?v=vNp9kRvOjKA,video,public,I'm a former professional Overwatch coach and before I fade away and die I might as well give one last yell into the void for all the competitors out there,available,False,True,en,
cXnFhS2l47g,How the Best NA OWCS Team Got Their Revenge,2025-03-28,2025-03-28T11:06:52-07:00,2025-03-28T11:06:52-07:00,1557,00:25:57,https://www.youtube.com/watch?v=cXnFhS2l47g,video,public,NTMR are the NA OWCS Champions for the first stage of 2025. They lost three matches through the season and won all three rematches against those opponents. How did they adapt and what can you learn?,available,False,True,en,
GYBpp0KM5-Q,Why Hero Bans Don't Work Against Crazy Raccoon (Overwatch SOOP Cup),2025-01-06,2025-01-06T09:27:30-08:00,2025-01-06T09:27:30-08:00,1017,00:16:57,https://www.youtube.com/watch?v=GYBpp0KM5-Q,video,public,"Hero bans are being implemented into Overwatch Esports but they won't be effective against every team

https://x.com/Cap1tology
https://www.twitch.tv/capitology",available,False,True,en,
p609brPyPzg,How to Play Overwatch's Wolverine Copy (Hazard),2024-12-16,2024-12-16T15:53:19-08:00,2024-12-16T15:53:19-08:00,1041,00:17:21,https://www.youtube.com/watch?v=p609brPyPzg,video,public,"Hazard is Overwatch's blatant attempt to copy Marvel Rival's success... what do you need to know to carry on this character? Does it come free with chinese spyware?

https://x.com/Cap1tology
https://www.twitch.tv/capitology",available,False,True,en,
QvMsOy1wFr4,How NRG Won (And Lost) Overwatch Rock Paper Scissors,2024-12-08,2024-12-08T21:05:39-08:00,2024-12-08T21:05:39-08:00,1934,00:32:14,https://www.youtube.com/watch?v=QvMsOy1wFr4,video,public,"NRG's Overwatch team got 5th in NA and 4th globally... I guess this just proves that every NA team is better than every EU team right?

https://x.com/Cap1tology
https://www.twitch.tv/capitology",available,False,True,en,
STbH6hH8emk,Are you Smart Enough to Play Echo?,2024-12-04,2024-12-04T16:27:54-08:00,2024-12-04T16:27:54-08:00,1064,00:17:44,https://www.youtube.com/watch?v=STbH6hH8emk,video,public,"Copy usually doesn't also copy the skill of the enemy players but hopefully this video covers that up for you a little bit

https://x.com/Cap1tology
https://www.twitch.tv/",available,False,True,en,
XhcF5IzJDq4,Why are you Such an Unlucky Brig Player?,2024-12-02,2024-12-02T11:59:56-08:00,2024-12-02T11:59:56-08:00,1182,00:19:42,https://www.youtube.com/watch?v=XhcF5IzJDq4,video,public,"Every time you play brig you get slammed and die... ""unlucky"" you say, as your team types about you in their groupchat (they have one without you).

https://x.com/Cap1tology
https://www.twitch.tv/capitology",available,False,True,en,
K6Ayz-NHVe4,How Korea Solved Overwatch,2024-11-23,2024-11-23T15:51:40-08:00,2024-11-23T15:51:40-08:00,1182,00:19:42,https://www.youtube.com/watch?v=K6Ayz-NHVe4,video,public,"Why does Korea beat us at the comp we're supposed to be good at? Why is proper getting 4k's on reaper and how does that even happen like actually

https://x.com/Cap1tology",available,False,True,en,
V-Y0hBOI1yY,Why You Suck at the Easiest Tank,2024-11-20,2024-11-20T14:34:27-08:00,2024-11-20T14:34:27-08:00,952,00:15:52,https://www.youtube.com/watch?v=V-Y0hBOI1yY,video,public,"The competitive meta is about to get boring as hell but lets at least make an effort to understand whats going on

https://x.com/Cap1tology",available,False,True,en,
nddeTxFzT6Q,How to Play the Easiest Role in Overwatch (Hitscan),2024-11-19,2024-11-19T15:53:28-08:00,2024-11-19T15:53:28-08:00,1152,00:19:12,https://www.youtube.com/watch?v=nddeTxFzT6Q,video,public,"There's really only two things you need to know to play Hitscan but you're gonna do them wrong anyways

https://x.com/Cap1tology",available,False,True,en;fr-FR;de-DE;hi;id;it;pt-BR;es-US;ta;uk,
pMPwEwNEiQA,What You're Missing on Genji,2024-11-14,2024-11-14T19:39:34-08:00,2024-11-14T19:39:34-08:00,1208,00:20:08,https://www.youtube.com/watch?v=pMPwEwNEiQA,video,public,"I'm really tired of hearing ""How did I die there"" and I'm sure your teammates are tired of hearing it too so please watch this

https://x.com/Cap1tology",available,False,True,en,
XXrcVGWBmo4,Do This to be a Top 5 Brig in NA #overwatch2 #gaming #overwatchclips #ow2,2024-11-13,2024-11-13T07:32:30-08:00,2024-11-13T07:32:30-08:00,58,00:00:58,https://www.youtube.com/watch?v=XXrcVGWBmo4,short,public,Please stop letting your Cass players get stunned out of Noon or they will all quit and we will have nobody left,available,False,True,en,
z9n-JNB52rk,Get off the Corner,2024-11-11,2024-11-11T07:48:41-08:00,2024-11-11T07:48:41-08:00,933,00:15:33,https://www.youtube.com/watch?v=z9n-JNB52rk,video,public,"Stop doing this unless you like dying all the time and losing matches

https://x.com/Cap1tology",available,False,True,en,
c92ESPjlveI,What are turns?,2023-11-28,2023-11-28T10:31:53-08:00,2023-11-28T10:31:53-08:00,998,00:16:38,https://www.youtube.com/watch?v=c92ESPjlveI,video,unlisted,"What does it mean to take a ""Turn"" in overwatch?

Here I will explain the three ways turns can play out and show two examples, one from Dive and one from Rush. 

Twitter: @cap1tology
Discord: Capitology",available,False,True,en,
JM50b3IU6-c,How to Play Split Comps in Overwatch (Toronto vs Washington),2023-10-27,2023-10-27T09:03:42-07:00,2023-10-27T09:03:42-07:00,1566,00:26:06,https://www.youtube.com/watch?v=JM50b3IU6-c,video,public,"This video covers How to play with and against split comps and shows some fights from a Toronto vod as examples. 

Twitter: @cap1tology 
Discord: capitology",available,False,True,en,
